,all-heroes,reaper,tracer,mercy,hanzo,torbjorn,reinhardt,pharah,winston,widowmaker,bastion,symmetra,zenyatta,genji,roadhog,cassidy,junkrat,zarya,soldier-76,lucio,dva,mei,sombra,doomfist,ana,orisa,brigitte,moira,wrecking-ball,sojourn,ashe,echo,baptiste,kiriko,junker-queen,sigma,ramattra,mauga,freja,venture,hazard,juno,vendetta,domina,sierra,emre,anran
Eliminations - Most in Game,51.0,40.0,38.0,3.0,43.0,12.0,29.0,48.0,23.0,24.0,40.0,6.0,12.0,24.0,25.0,31.0,24.0,31.0,27.0,9.0,33.0,20.0,28.0,30.0,11.0,40.0,13.0,31.0,18.0,27.0,23.0,27.0,15.0,16.0,26.0,43.0,32.0,36.0,,27.0,28.0,21.0,32.0,33.0,24.0,29.0,9.0
Final Blows - Most in Game,31.0,29.0,22.0,2.0,27.0,6.0,18.0,30.0,9.0,18.0,25.0,2.0,5.0,12.0,16.0,22.0,13.0,17.0,18.0,2.0,18.0,15.0,19.0,14.0,5.0,20.0,4.0,12.0,10.0,15.0,15.0,22.0,5.0,7.0,15.0,22.0,17.0,20.0,,15.0,8.0,4.0,20.0,17.0,11.0,17.0,9.0
All Damage Done - Most in Game,40071.0,21163.0,11304.0,637.0,21113.0,6961.0,17432.0,26837.0,10666.0,7806.0,34782.0,5342.0,10464.0,10282.0,21262.0,14853.0,13900.0,21091.0,14807.0,3330.0,26052.0,31695.0,11338.0,13284.0,5287.0,26053.0,3052.0,9415.0,7964.0,14600.0,12106.0,16114.0,4711.0,7384.0,14780.0,40071.0,18449.0,23270.0,847.0,13375.0,19786.0,9001.0,17115.0,27006.0,11106.0,13527.0,6699.0
Healing Done - Most in Game,12581.0,3120.0,,7486.0,,,,,,,632.0,99.0,3727.0,42.0,8480.0,540.0,,,1741.0,4456.0,2735.0,2032.0,1480.0,1171.0,9957.0,643.0,6307.0,11138.0,,,,583.0,10240.0,9591.0,3821.0,,718.0,3446.0,,,2446.0,6125.0,,2954.0,248.0,1062.0,
Defensive Assists - Most in Game,25.0,,,10.0,,,,,,,,,14.0,,5.0,,,14.0,7.0,12.0,,,,,13.0,,19.0,24.0,,,,,22.0,24.0,,,,7.0,,,,,,,,,
Offensive Assists - Most in Game,14.0,,,8.0,,,6.0,,,,,,8.0,,8.0,,5.0,6.0,,4.0,,9.0,10.0,,12.0,9.0,,,,,,,3.0,10.0,,,8.0,12.0,,,,,,,,,
Objective Kills - Most in Game,30.0,22.0,17.0,2.0,20.0,7.0,15.0,30.0,7.0,14.0,18.0,2.0,4.0,17.0,14.0,19.0,8.0,16.0,14.0,7.0,12.0,11.0,14.0,18.0,7.0,25.0,5.0,17.0,7.0,18.0,12.0,15.0,13.0,10.0,10.0,26.0,21.0,18.0,,15.0,19.0,6.0,9.0,20.0,14.0,10.0,2.0
Objective Time - Most in Game,416.0,168.0,130.0,49.0,229.0,98.0,338.0,197.0,155.0,110.0,186.0,21.0,35.0,224.0,317.0,177.0,59.0,389.0,91.0,114.0,179.0,324.0,156.0,287.0,156.0,399.0,40.0,238.0,149.0,151.0,176.0,171.0,195.0,150.0,333.0,366.0,319.0,160.0,,153.0,200.0,83.0,104.0,257.0,74.0,160.0,33.0
Multikill - Best,5.0,5.0,3.0,,4.0,,5.0,4.0,3.0,,3.0,,,3.0,3.0,4.0,4.0,5.0,3.0,,3.0,3.0,4.0,4.0,,4.0,,4.0,3.0,,4.0,3.0,,3.0,3.0,4.0,4.0,4.0,,3.0,3.0,,3.0,5.0,,4.0,3.0
Solo Kills - Most in Game,31.0,11.0,7.0,,7.0,,5.0,6.0,2.0,7.0,6.0,,,5.0,3.0,6.0,3.0,2.0,6.0,,4.0,3.0,8.0,3.0,,4.0,,2.0,,7.0,3.0,7.0,,,2.0,4.0,4.0,3.0,,4.0,,,5.0,2.0,4.0,2.0,
Time Spent on Fire - Most in Game,98.0,72.0,68.0,22.0,98.0,32.0,79.0,75.0,52.0,62.0,56.0,36.0,28.0,55.0,77.0,54.0,59.0,85.0,52.0,19.0,55.0,55.0,57.0,63.0,92.0,74.0,42.0,56.0,33.0,48.0,76.0,56.0,41.0,78.0,64.0,93.0,61.0,91.0,,48.0,47.0,23.0,70.0,83.0,49.0,47.0,15.0
Melee Final Blows - Most in Game,5.0,2.0,3.0,,2.0,,,,2.0,2.0,,,,2.0,3.0,2.0,,,2.0,,,2.0,2.0,2.0,,2.0,,2.0,2.0,,,,,,2.0,5.0,,,,3.0,2.0,,,3.0,,,
Environmental Kills - Most in Game,4.0,,,,,,4.0,,,,,,,,4.0,,,,,,,,,,,2.0,,,,,,,,,,2.0,,,,,,,,,,,
Kill Streak - Best,27.0,23.0,19.0,2.0,21.0,9.0,20.0,17.0,14.0,14.0,16.0,6.0,6.0,9.0,15.0,17.0,7.0,18.0,10.0,5.0,18.0,9.0,23.0,17.0,6.0,19.0,7.0,14.0,16.0,12.0,13.0,17.0,5.0,14.0,13.0,24.0,16.0,18.0,,11.0,10.0,8.0,9.0,27.0,13.0,10.0,4.0
Hero Damage Done - Most in Game,22710.0,14856.0,10906.0,537.0,17068.0,6961.0,13920.0,15577.0,10478.0,7464.0,17569.0,3862.0,7514.0,10272.0,15808.0,14150.0,11858.0,16293.0,12383.0,2270.0,15815.0,9959.0,9559.0,12469.0,4297.0,18280.0,2982.0,8583.0,6058.0,10203.0,11824.0,15930.0,3881.0,6544.0,14033.0,19259.0,14401.0,22710.0,692.0,12310.0,9768.0,6561.0,13235.0,17504.0,11046.0,13083.0,6677.0
Barrier Damage Done - Most in Game,9857.0,,,,,,,,,,,,,,,,,,,,,,,,,,,,,,,,,,,,,,,,,,,,,,
Assists - Most in Game,24.0,,2.0,10.0,10.0,,7.0,10.0,7.0,8.0,6.0,2.0,15.0,2.0,9.0,4.0,5.0,15.0,7.0,12.0,14.0,9.0,10.0,10.0,21.0,10.0,16.0,21.0,3.0,4.0,10.0,5.0,21.0,24.0,10.0,10.0,8.0,14.0,,5.0,3.0,11.0,3.0,3.0,,,
Objective Contest Time - Most in Game,315.0,,,,,,,,,,,,,,,,,,,,,,,,,,,,,,,,,,,,,,,,,,,,,,
Recon Assists - Most in Game,8.0,,,,8.0,,,,,8.0,,,,,,,,,,,,,,,,,,,,,,,,,,,,,,,,,,,,,
Hero Damage Done - Avg per 10 Min,9330.0,9564.0,7099.0,410.0,9558.0,8098.0,9276.0,8722.0,7628.0,6258.0,11795.0,5897.0,5568.0,6518.0,8930.0,9208.0,9650.0,10085.0,10295.0,3484.0,10219.0,7645.0,6585.0,8319.0,3075.0,11696.0,3098.0,5476.0,6785.0,8597.0,8813.0,9702.0,3182.0,5071.0,10604.0,12063.0,11056.0,14165.0,10335.0,9124.0,10259.0,4686.0,7944.0,13098.0,9129.0,10793.0,8924.0
Deaths - Avg per 10 Min,6.99,6.67,6.5,9.34,8.08,8.79,6.73,7.92,6.31,7.84,7.69,8.3,10.68,8.64,5.5,8.31,8.89,6.35,9.09,8.12,5.1,5.98,7.82,7.85,8.49,5.95,7.5,7.3,6.72,7.51,7.88,8.56,6.69,8.05,5.87,5.17,5.15,7.3,14.93,6.76,5.85,8.29,10.26,5.32,5.73,7.64,6.68
Eliminations - Avg per 10 Min,18.91,25.17,18.87,1.08,19.08,13.98,17.71,21.29,16.83,15.19,23.33,9.13,7.19,14.33,17.24,16.59,16.05,20.04,19.69,10.68,22.18,14.64,19.59,15.91,7.45,20.02,11.56,16.81,15.95,18.68,18.03,20.58,8.02,11.81,16.3,20.22,21.2,21.44,,19.49,19.34,14.51,17.67,25.63,22.9,25.99,12.03
Assists - Avg per 10 min,3.56,0.02,0.09,12.93,3.46,,1.63,2.22,3.22,3.31,1.88,2.49,10.46,0.09,4.3,1.11,2.47,4.55,2.06,13.25,6.95,4.42,5.4,4.06,10.74,4.63,17.81,9.91,1.56,1.2,3.31,0.61,11.23,14.42,6.08,3.31,2.51,9.32,,1.95,1.27,9.47,1.14,1.05,,0.17,
Healing Done - Avg per 10 Min,1045.0,1641.0,,7343.0,,,,,,,68.8,144.0,4967.0,1.99,5637.0,66.76,,,1311.0,7771.0,247.0,1596.0,229.0,368.0,6199.0,31.3,6646.0,8020.0,,,,111.0,7645.0,7199.0,2554.0,,181.0,2026.0,,,1177.0,5081.0,,2039.0,74.75,776.0,
Final Blows - Avg per 10 Min,9.78,15.85,10.26,0.72,11.51,6.39,11.05,12.23,5.61,10.11,12.72,2.49,2.61,6.93,8.43,9.85,9.38,8.84,11.15,2.56,9.8,7.0,11.26,6.54,1.99,9.55,2.5,5.34,8.45,9.72,9.35,12.17,2.41,3.76,7.68,9.78,9.62,9.32,,10.78,6.87,2.07,11.11,10.76,9.04,13.08,12.03
Time Spent on Fire - Avg per 10 Min,107.0,124.0,86.0,39.0,112.0,77.0,135.0,51.0,48.0,52.0,131.0,112.0,43.0,36.0,98.0,94.0,92.0,116.0,98.0,17.0,134.0,100.0,87.0,83.0,37.0,139.0,77.0,48.0,58.0,83.0,103.0,96.0,60.0,74.0,114.0,163.0,118.0,162.0,,120.0,81.0,29.0,92.0,179.0,105.0,113.0,53.0
Objective Contest Time - Avg per 10 Min,52.0,,,,,,,,,,,,,,,,,,,,,,,,,,,,,,,,,,,,,,,,,,,,,,
Solo Kills - Avg per 10 Min,1.57,3.36,3.27,,2.16,0.8,1.17,2.92,1.12,3.42,1.69,,0.22,1.85,0.88,2.0,1.98,0.7,1.66,,1.92,0.64,4.07,0.9,0.17,0.54,0.31,0.57,0.78,1.7,1.62,1.77,,0.08,0.72,0.85,1.05,0.67,,2.08,,,2.56,0.54,3.31,1.02,
Objective Kills - Avg per 10 Min,7.27,8.07,6.14,0.72,6.78,6.79,5.92,7.13,6.03,3.77,9.49,1.66,2.4,5.55,7.5,6.33,5.19,8.1,8.86,7.26,5.36,6.45,5.84,5.78,3.46,9.03,4.06,7.2,5.47,9.03,7.58,7.3,5.35,4.98,5.58,8.49,9.21,9.77,,8.7,9.16,3.26,5.27,11.5,11.15,9.17,2.67
Objective Time - Avg per 10 Min,90.0,60.0,63.0,42.0,53.0,100.0,118.0,57.0,114.0,26.0,74.0,32.0,39.0,89.0,118.0,48.0,64.0,118.0,69.0,97.0,80.0,91.0,47.0,121.0,59.0,132.0,54.0,95.0,113.0,94.0,65.0,72.0,92.0,68.0,136.0,119.0,140.0,139.0,,85.0,100.0,45.0,56.0,143.0,48.0,81.0,44.0
Time Played,576039.0,26461.0,13388.0,1670.0,43012.0,1502.0,26556.0,26742.0,4279.0,15606.0,15611.0,723.0,2754.0,12643.0,21923.0,27663.0,2430.0,12007.0,7588.0,1404.0,9063.0,6516.0,24778.0,22026.0,6929.0,57253.0,1920.0,17989.0,3837.0,9506.0,8152.0,16614.0,2243.0,7825.0,8283.0,55965.0,13158.0,5345.0,40.0,4619.0,2358.0,2026.0,4211.0,15449.0,1991.0,3532.0,449.0
Games Played,1191.0,53.0,27.0,4.0,88.0,3.0,57.0,58.0,9.0,33.0,34.0,2.0,8.0,25.0,45.0,59.0,4.0,26.0,17.0,4.0,17.0,14.0,55.0,44.0,16.0,111.0,5.0,36.0,9.0,20.0,16.0,34.0,4.0,15.0,17.0,115.0,27.0,10.0,0.0,8.0,5.0,5.0,8.0,33.0,4.0,7.0,1.0
Games Won,572.0,34.0,13.0,1.0,41.0,1.0,30.0,30.0,4.0,16.0,15.0,1.0,2.0,11.0,22.0,16.0,2.0,12.0,9.0,2.0,9.0,7.0,27.0,15.0,6.0,52.0,2.0,18.0,3.0,11.0,7.0,19.0,2.0,9.0,6.0,58.0,16.0,4.0,,5.0,2.0,2.0,3.0,19.0,3.0,4.0,1.0
Games Lost,619.0,19.0,14.0,2.0,47.0,2.0,27.0,28.0,5.0,17.0,19.0,2.0,6.0,14.0,23.0,43.0,3.0,14.0,8.0,2.0,7.0,7.0,28.0,29.0,10.0,59.0,3.0,18.0,6.0,8.0,9.0,15.0,2.0,6.0,12.0,56.0,11.0,6.0,0.0,3.0,3.0,3.0,5.0,14.0,,3.0,0.0
Hero Wins,572.0,34.0,13.0,1.0,41.0,1.0,30.0,30.0,4.0,16.0,15.0,1.0,2.0,11.0,22.0,16.0,2.0,12.0,9.0,2.0,9.0,7.0,27.0,15.0,6.0,52.0,2.0,18.0,3.0,11.0,7.0,19.0,2.0,9.0,6.0,58.0,16.0,4.0,,5.0,2.0,2.0,3.0,19.0,3.0,4.0,1.0
Environmental Kills,67.0,,,,,,11.0,5.0,,,,,,,19.0,,,,,,,,,4.0,,12.0,,,2.0,,,,,,,8.0,,,,,,,,3.0,,,
Objective Time,86180.0,2661.0,1408.0,116.0,3819.0,249.0,5225.0,2540.0,810.0,683.0,1933.0,38.0,178.0,1872.0,4303.0,2235.0,258.0,2371.0,873.0,227.0,1204.0,993.0,1926.0,4430.0,682.0,12592.0,172.0,2852.0,724.0,1485.0,887.0,1999.0,344.0,887.0,1883.0,11071.0,3070.0,1239.0,,653.0,394.0,153.0,393.0,3678.0,160.0,478.0,33.0
Eliminations,18158.0,1110.0,421.0,3.0,1368.0,35.0,784.0,949.0,120.0,395.0,607.0,11.0,33.0,302.0,630.0,765.0,65.0,401.0,249.0,25.0,335.0,159.0,809.0,584.0,86.0,1910.0,37.0,504.0,102.0,296.0,245.0,570.0,30.0,154.0,225.0,1886.0,465.0,191.0,,150.0,76.0,49.0,124.0,660.0,76.0,153.0,9.0
Hero Damage Done,8957428.0,421803.0,158405.0,1142.0,685184.0,20271.0,410556.0,388731.0,54405.0,162778.0,306880.0,7103.0,25558.0,137341.0,326299.0,424540.0,39076.0,201815.0,130194.0,8154.0,154364.0,83030.0,271937.0,305383.0,35514.0,1116067.0,9915.0,164198.0,43385.0,136197.0,119743.0,268654.0,11895.0,66139.0,146387.0,1125153.0,242462.0,126193.0,692.0,70229.0,40314.0,15826.0,55750.0,337255.0,30293.0,63541.0,6677.0
Final Blows,9385.0,699.0,229.0,2.0,825.0,16.0,489.0,545.0,40.0,263.0,331.0,3.0,12.0,146.0,308.0,454.0,38.0,177.0,141.0,6.0,148.0,76.0,465.0,240.0,23.0,911.0,8.0,160.0,54.0,154.0,127.0,337.0,9.0,49.0,106.0,912.0,211.0,83.0,,83.0,27.0,7.0,78.0,277.0,30.0,77.0,9.0
Deaths,6709.0,294.0,145.0,26.0,579.0,22.0,298.0,353.0,45.0,204.0,200.0,10.0,49.0,182.0,201.0,383.0,36.0,127.0,115.0,19.0,77.0,65.0,323.0,288.0,98.0,568.0,24.0,219.0,43.0,119.0,107.0,237.0,25.0,105.0,81.0,482.0,113.0,65.0,,52.0,23.0,28.0,72.0,137.0,19.0,45.0,5.0
Damage Done,8957428.0,,,,,,,,,,,,,,,,,,,,,,,,,,,,,,,,,,,,,,,,,,,,,,
Objective Kills,6975.0,356.0,137.0,2.0,486.0,17.0,262.0,318.0,43.0,98.0,247.0,2.0,11.0,117.0,274.0,292.0,21.0,162.0,112.0,17.0,81.0,70.0,241.0,212.0,40.0,862.0,13.0,216.0,35.0,143.0,103.0,202.0,20.0,65.0,77.0,792.0,202.0,87.0,,67.0,36.0,11.0,37.0,296.0,37.0,54.0,2.0
Time Spent on Fire,102565.0,5488.0,1916.0,109.0,8023.0,192.0,5959.0,2294.0,342.0,1361.0,3403.0,135.0,196.0,763.0,3598.0,4356.0,373.0,2331.0,1237.0,39.0,2025.0,1085.0,3573.0,3034.0,433.0,13243.0,246.0,1432.0,369.0,1317.0,1394.0,2654.0,223.0,966.0,1580.0,15190.0,2598.0,1446.0,,925.0,318.0,98.0,643.0,4601.0,348.0,668.0,40.0
Melee Final Blows,313.0,11.0,27.0,,15.0,,,,4.0,6.0,4.0,,,9.0,9.0,8.0,,,4.0,,4.0,5.0,8.0,19.0,,17.0,,16.0,4.0,2.0,,5.0,,,8.0,83.0,3.0,3.0,,8.0,3.0,,,20.0,,,
Objective Contest Time,50262.0,,,,,,,,,,,,,,,,,,,,,,,,,,,,,,,,,,,,,,,,,,,,,,
Solo Kills,1504.0,148.0,73.0,,155.0,2.0,52.0,130.0,8.0,89.0,44.0,,,39.0,32.0,92.0,8.0,14.0,21.0,,29.0,7.0,168.0,33.0,2.0,52.0,,17.0,5.0,27.0,22.0,49.0,,,10.0,79.0,23.0,6.0,,16.0,,,18.0,14.0,11.0,6.0,
Multikills,265.0,33.0,2.0,,9.0,,18.0,19.0,,,15.0,,,5.0,6.0,5.0,,8.0,2.0,,2.0,5.0,6.0,6.0,,29.0,,8.0,,,2.0,5.0,,,3.0,27.0,3.0,6.0,,,,,,25.0,,8.0,
of Match on Fire,18.0,,,,,,,,,,,,,,,,,,,,,,,,,,,,,,,,,,,,,,,,,,,,,,
Recon Assists,273.0,,,,176.0,,,,,97.0,,,,,,,,,,,,,,,,,,,,,,,,,,,,,,,,,,,,,
Defensive Assists,1026.0,,,32.0,,,,,,,,,43.0,,11.0,,,79.0,35.0,30.0,,,,,89.0,,62.0,368.0,,,,,43.0,198.0,,,,36.0,,,,,,,,,
Offensive Assists,1600.0,,,14.0,,,69.0,,,,,,23.0,,154.0,,10.0,41.0,,9.0,,48.0,221.0,,58.0,440.0,21.0,,,,,,5.0,53.0,,305.0,53.0,76.0,,,,,,,,,
Healing Done,1003649.0,72349.0,,20443.0,,,,,,,1790.0,174.0,22796.0,42.0,135975.0,3078.0,,,16577.0,18187.0,3737.0,17334.0,9449.0,13494.0,71584.0,2987.0,21270.0,240465.0,,,,3082.0,28583.0,93882.0,35262.0,,3963.0,18048.0,,,4626.0,17160.0,,52507.0,248.0,4566.0,
Assists,3420.0,,2.0,36.0,248.0,,72.0,99.0,23.0,86.0,49.0,3.0,48.0,2.0,157.0,51.0,10.0,91.0,26.0,31.0,105.0,48.0,223.0,149.0,124.0,442.0,57.0,297.0,10.0,19.0,45.0,17.0,42.0,188.0,84.0,309.0,55.0,83.0,,15.0,5.0,32.0,8.0,27.0,,,
Card,1.0,,,,,,,,,,,,,,,,,,,,,,,,,,,,,,,,,,,,,,,,,,,,1.0,,
Death Blossom Kills,,227.0,,,,,,,,,,,,,,,,,,,,,,,,,,,,,,,,,,,,,,,,,,,,,
Death Blossom Kills - Most in Game,,12.0,,,,,,,,,,,,,,,,,,,,,,,,,,,,,,,,,,,,,,,,,,,,,
Self Healing,,71930.0,16582.0,2213.0,,,,,,,,,906.0,,205859.0,,,,9805.0,3908.0,,16656.0,,,2890.0,,2918.0,49289.0,,,,,2780.0,,34261.0,,,16771.0,,,,,,49168.0,,4084.0,
Self Healing - Most in Game,,3120.0,1607.0,843.0,,,,,,,632.0,,598.0,,8768.0,,,,978.0,964.0,,2032.0,,,584.0,,,2548.0,,,,,946.0,,3821.0,,,3169.0,,,,,,2725.0,,,
Self Healing - Avg per 10 Min,,1631.0,743.0,795.0,,,,,,,,,197.0,,5634.0,,,,775.0,1670.0,,1534.0,,,250.0,,912.0,1644.0,,,,,744.0,,2482.0,,,1882.0,,,,,,1910.0,,694.0,
Death Blossom Kills - Avg per 10 Min,,5.15,,,,,,,,,,,,,,,,,,,,,,,,,,,,,,,,,,,,,,,,,,,,,
Eliminations - Most in Life,,23.0,19.0,2.0,21.0,9.0,20.0,17.0,14.0,14.0,16.0,6.0,6.0,9.0,15.0,17.0,7.0,18.0,10.0,5.0,18.0,9.0,23.0,17.0,6.0,19.0,7.0,14.0,16.0,12.0,13.0,17.0,5.0,14.0,13.0,24.0,16.0,18.0,,11.0,10.0,8.0,9.0,27.0,13.0,10.0,4.0
All Damage Done - Most in Life,,10394.0,6846.0,285.0,7960.0,3301.0,9409.0,7004.0,6801.0,5043.0,10034.0,3127.0,3944.0,4007.0,8363.0,7005.0,3365.0,9161.0,5893.0,1812.0,9652.0,14742.0,6417.0,5814.0,1569.0,12443.0,2104.0,5095.0,5393.0,5373.0,4947.0,9068.0,1633.0,4667.0,8913.0,13642.0,11738.0,9599.0,847.0,5356.0,7755.0,1821.0,3336.0,11085.0,3508.0,4687.0,2684.0
Weapon Accuracy - Best in Game,,57.0,45.0,75.0,43.0,39.0,,72.0,100.0,77.0,53.0,52.0,43.0,44.0,51.0,75.0,43.0,74.0,53.0,50.0,37.0,72.0,49.0,48.0,50.0,94.0,,,67.0,45.0,100.0,56.0,35.0,100.0,55.0,88.0,57.0,49.0,42.0,65.0,35.0,53.0,,72.0,33.0,42.0,44.0
Critical Hits - Most in Game,,562.0,273.0,5.0,24.0,36.0,,,,27.0,41.0,,17.0,52.0,380.0,29.0,,,46.0,6.0,662.0,,111.0,140.0,,250.0,,,134.0,93.0,24.0,108.0,31.0,22.0,288.0,,154.0,391.0,,,,,33.0,21.0,113.0,31.0,10.0
Critical Hits - Most in Life,,352.0,93.0,3.0,14.0,13.0,,,,16.0,23.0,,7.0,24.0,195.0,16.0,,,33.0,4.0,517.0,,87.0,74.0,,96.0,,,103.0,58.0,15.0,54.0,16.0,17.0,160.0,,118.0,202.0,,,,,,7.0,40.0,11.0,3.0
Hero Damage Done - Most in Life,,7680.0,5947.0,285.0,6919.0,3301.0,7931.0,5187.0,6174.0,4803.0,8427.0,2575.0,2344.0,4007.0,8363.0,6120.0,2714.0,9161.0,5839.0,1571.0,8390.0,3979.0,5354.0,4906.0,1439.0,10988.0,1726.0,4870.0,4625.0,4311.0,4947.0,8884.0,1351.0,4667.0,8350.0,12600.0,8220.0,9231.0,692.0,4446.0,4924.0,1536.0,2934.0,9652.0,3485.0,3812.0,2684.0
Assist - Most in Game,,1.0,,,,,,,,,,,,,,,,,,,,,,,,,,,,,,,,,,,,,,,,,,,,1.0,
Critical Hit Kills - Most in Game,,10.0,4.0,,9.0,3.0,,,,12.0,5.0,,2.0,2.0,7.0,6.0,,,3.0,,3.0,,5.0,3.0,,6.0,,,3.0,2.0,5.0,4.0,,3.0,3.0,,2.0,2.0,,,,,,2.0,2.0,2.0,
Obj Contest Time - Most in Game,,144.0,117.0,49.0,108.0,76.0,171.0,197.0,146.0,86.0,104.0,18.0,26.0,204.0,184.0,119.0,53.0,153.0,82.0,114.0,101.0,103.0,78.0,223.0,56.0,306.0,32.0,147.0,86.0,92.0,176.0,155.0,52.0,150.0,97.0,240.0,163.0,107.0,,128.0,66.0,25.0,104.0,202.0,67.0,96.0,23.0
Critical Hit Kills - Avg per 10 Min,,2.97,1.34,,3.5,1.2,,,,5.92,1.27,,0.44,0.57,2.05,1.84,,,1.74,,0.99,,1.96,0.9,,1.73,,,1.25,0.76,3.02,1.41,0.27,1.0,1.3,,0.73,1.01,,,0.25,,,0.54,0.6,1.19,1.34
Obj Contest Time - Avg per 10 Min,,45.0,39.0,38.0,23.0,36.0,63.0,31.0,73.0,11.0,31.0,18.0,18.0,57.0,77.0,27.0,46.0,68.0,41.0,93.0,61.0,54.0,27.0,63.0,28.0,88.0,35.0,58.0,66.0,48.0,45.0,40.0,44.0,39.0,67.0,73.0,69.0,73.0,,65.0,64.0,15.0,43.0,67.0,46.0,32.0,30.0
Melee Final Blows - Avg per 10 Min,,0.25,1.21,,0.21,,,0.02,0.56,0.23,0.15,,,0.43,0.25,0.17,,,0.32,,0.26,0.46,0.19,0.52,0.09,0.18,,0.53,0.63,0.13,0.07,0.18,0.27,0.08,0.58,0.89,0.14,0.34,,1.04,0.76,0.3,,0.78,0.3,0.17,
All Damage Done - Avg per 10 Min,,11018.0,7972.0,446.0,11587.0,8427.0,10952.0,10767.0,8275.0,6646.0,14570.0,7809.0,6638.0,7802.0,10847.0,10522.0,12178.0,12412.0,11897.0,4420.0,13533.0,26363.0,7344.0,9392.0,3484.0,14100.0,3613.0,5832.0,8123.0,10615.0,9787.0,11019.0,4348.0,5882.0,11866.0,14414.0,13457.0,16514.0,12649.0,9872.0,18822.0,5458.0,9093.0,16181.0,9510.0,13118.0,8953.0
Critical Hits - Avg per 10 Min,,203.0,125.0,2.51,10.14,27.17,,,,17.26,24.6,,10.46,19.51,166.0,12.78,,,45.15,8.97,399.0,,63.3,81.8,,88.08,,,119.0,51.5,16.93,47.09,16.05,13.11,121.0,,116.0,293.0,14.93,,34.36,,19.66,9.32,87.09,25.82,13.37
Eliminations per Life,,3.78,2.9,0.12,2.36,1.59,2.63,2.69,2.67,1.94,3.04,1.1,0.67,1.66,3.13,2.0,1.81,3.16,2.17,1.32,4.35,2.45,2.5,2.03,0.88,3.36,1.54,2.3,2.37,2.49,2.29,2.41,1.2,1.47,2.78,3.91,4.12,2.94,,2.88,3.3,1.75,1.72,4.82,4.0,3.4,1.8
Win Percentage,,64.0,48.0,38.0,47.0,41.0,53.0,51.0,41.0,48.0,45.0,28.0,20.0,45.0,49.0,27.0,39.0,46.0,51.0,47.0,56.0,52.0,50.0,33.0,40.0,47.0,35.0,50.0,31.0,58.0,46.0,56.0,53.0,62.0,33.0,51.0,58.0,40.0,,62.0,45.0,40.0,38.0,58.0,75.0,57.0,100.0
All Damage Done,,485907.0,177872.0,1242.0,830614.0,21093.0,484749.0,479896.0,59019.0,172847.0,379102.0,9406.0,30467.0,164396.0,396321.0,485110.0,49310.0,248389.0,150452.0,10345.0,204426.0,286320.0,303288.0,344791.0,40238.0,1345451.0,11563.0,174870.0,51941.0,168179.0,132978.0,305126.0,16255.0,76711.0,163802.0,1344442.0,295113.0,147115.0,847.0,75993.0,73959.0,18435.0,63819.0,416634.0,31557.0,77226.0,6699.0
Critical Hits,,8970.0,2798.0,7.0,727.0,68.0,,,,449.0,640.0,,48.0,411.0,6079.0,589.0,,,571.0,21.0,6034.0,,2614.0,3003.0,,8405.0,,,763.0,816.0,230.0,1304.0,60.0,171.0,1666.0,,2536.0,2611.0,,,135.0,,,240.0,289.0,152.0,10.0
Critical Hit Kills,,131.0,30.0,,251.0,3.0,,,,154.0,33.0,,2.0,12.0,75.0,85.0,,,22.0,,15.0,,81.0,33.0,,165.0,,,8.0,12.0,41.0,39.0,,13.0,18.0,,16.0,9.0,,,,,,14.0,2.0,7.0,
Obj Contest Time,,1983.0,868.0,104.0,1653.0,91.0,2785.0,1375.0,524.0,283.0,801.0,22.0,83.0,1207.0,2806.0,1225.0,185.0,1367.0,519.0,219.0,921.0,582.0,1123.0,2330.0,324.0,8413.0,112.0,1735.0,420.0,757.0,612.0,1118.0,164.0,508.0,930.0,6768.0,1513.0,646.0,,500.0,251.0,52.0,300.0,1719.0,152.0,186.0,23.0
Critical Hit Accuracy,,12.0,11.0,12.0,10.0,11.0,,,,17.0,4.0,,15.0,11.0,18.0,9.0,,,10.0,5.0,9.0,,12.0,10.0,,13.0,,,12.0,9.0,17.0,12.0,12.0,14.0,14.0,,14.0,12.0,7.0,,5.0,,,13.0,9.0,10.0,14.0
Weapon Accuracy,,32.0,36.0,33.0,25.0,31.0,,49.0,50.0,36.0,28.0,47.0,30.0,31.0,27.0,45.0,34.0,40.0,39.0,28.0,29.0,51.0,35.0,31.0,31.0,36.0,,,36.0,33.0,40.0,32.0,29.0,34.0,42.0,57.0,29.0,39.0,42.0,53.0,29.0,33.0,,48.0,28.0,37.0,44.0
Assist,,1.0,,,,,,,,,,,,,,,,,,,,,,,,,,,,,,,,,,,,,,,,,,,,1.0,
Pulse Bomb Kills,,,56.0,,,,,,,,,,,,,,,,,,,,,,,,,,,,,,,,,,,,,,,,,,,,
Pulse Bomb Kills - Most in Game,,,5.0,,,,,,,,,,,,,,,,,,,,,,,,,,,,,,,,,,,,,,,,,,,,
Pulse Bombs Attached - Most in Game,,,4.0,,,,,,,,,,,,,,,,,,,,,,,,,,,,,,,,,,,,,,,,,,,,
Pulse Bombs Attached,,,35.0,,,,,,,,,,,,,,,,,,,,,,,,,,,,,,,,,,,,,,,,,,,,
Low Health Recalls,,,81.0,,,,,,,,,,,,,,,,,,,,,,,,,,,,,,,,,,,,,,,,,,,,
Low Health Recalls - Most in Game,,,81.0,,,,,,,,,,,,,,,,,,,,,,,,,,,,,,,,,,,,,,,,,,,,
Low Health Recalls - Avg per 10 Min,,,3.63,,,,,,,,,,,,,,,,,,,,,,,,,,,,,,,,,,,,,,,,,,,,
Pulse Bomb Kills - Avg per 10 Min,,,2.51,,,,,,,,,,,,,,,,,,,,,,,,,,,,,,,,,,,,,,,,,,,,
Pulse Bomb Attach Rate,,,34.0,,,,,,,,,,,,,,,,,,,,,,,,,,,,,,,,,,,,,,,,,,,,
Pulse Bombs Attached - Avg per 10 Min,,,1.57,,,,,,,,,,,,,,,,,,,,,,,,,,,,,,,,,,,,,,,,,,,,
Blaster Kills,,,,3.0,,,,,,,,,,,,,,,,,,,,,,,,,,,,,,,,,,,,,,,,,,,
Blaster Kills - Most in Game,,,,3.0,,,,,,,,,,,,,,,,,,,,,,,,,,,,,,,,,,,,,,,,,,,
Players Resurrected,,,,11.0,,,,,,,,,,,,,,,,,,,,,,,,,,,,,,,,,,,,,,,,,,,
Players Resurrected - Most in Game,,,,4.0,,,,,,,,,,,,,,,,,,,,,,,,,,,,,,,,,,,,,,,,,,,
Damage Amplified,,,,1294.0,,,,,,,,,5494.0,,,,,,,,,,,,3879.0,,,,,,,,2363.0,,,,,,,,,791.0,,,,,
Damage Amplified - Most in Game,,,,492.0,,,,,,,,,1420.0,,,,,,,,,,,,518.0,,,,,,,,1505.0,,,,,,,,,299.0,,,,,
Valkyrie Healing Done,,,,2281.0,,,,,,,,,,,,,,,,,,,,,,,,,,,,,,,,,,,,,,,,,,,
Valkyrie Damage Done,,,,379.0,,,,,,,,,,,,,,,,,,,,,,,,,,,,,,,,,,,,,,,,,,,
Valkyrie Damage Done - Most in Game,,,,220.0,,,,,,,,,,,,,,,,,,,,,,,,,,,,,,,,,,,,,,,,,,,
Valkyrie Healing Done - Most in Game,,,,1093.0,,,,,,,,,,,,,,,,,,,,,,,,,,,,,,,,,,,,,,,,,,,
Damage Amplified - Avg per 10 Min,,,,465.0,,,,,,,,,1197.0,,,,,,,,,,,,336.0,,,,,,,,632.0,,,,,,,,,234.0,,,,,
Valkyrie Damage Done - Avg per 10 Min,,,,136.0,,,,,,,,,,,,,,,,,,,,,,,,,,,,,,,,,,,,,,,,,,,
Players Resurrected - Avg per 10 Min,,,,3.95,,,,,,,,,,,,,,,,,,,,,,,,,,,,,,,,,,,,,,,,,,,
Healing Beam Usage,,,,76.0,,,,,,,,,,,,,,,,,,,,,,,,,,,,,,,,,,,,,,,,,,,
Offensive Beam Usage,,,,24.0,,,,,,,,,,,,,,,,,,,,,,,,,,,,,,,,,,,,,,,,,,,
Blaster Kills - Avg per 10 Min,,,,1.08,,,,,,,,,,,,,,,,,,,,,,,,,,,,,,,,,,,,,,,,,,,
Valkyrie Healing Done - Avg per 10 Min,,,,819.0,,,,,,,,,,,,,,,,,,,,,,,,,,,,,,,,,,,,,,,,,,,
Offensive Assists - Avg per 10 Min,,,,5.03,,,1.56,,,,,,5.01,,4.21,,2.47,2.05,,3.85,,4.42,5.35,,5.02,4.61,6.56,,,,,,1.34,4.06,,3.27,2.42,8.53,,,,,,,,,
Defensive Assists - Avg per 10 Min,,,,11.49,,,,,,,,,9.37,,0.3,,,3.95,2.77,12.82,,,,,7.71,,19.37,12.27,,,,,11.5,15.18,,,,4.04,,,,,,,,,
Dragonstrike Kills,,,,,146.0,,,,,,,,,,,,,,,,,,,,,,,,,,,,,,,,,,,,,,,,,,
Dragonstrike Kills - Most in Game,,,,,9.0,,,,,,,,,,,,,,,,,,,,,,,,,,,,,,,,,,,,,,,,,,
Storm Arrow Kills,,,,,629.0,,,,,,,,,,,,,,,,,,,,,,,,,,,,,,,,,,,,,,,,,,
Storm Arrow Kills - Most in Game,,,,,18.0,,,,,,,,,,,,,,,,,,,,,,,,,,,,,,,,,,,,,,,,,,
Long Range Final Blows,,,,,128.0,,,20.0,,131.0,,,,,,41.0,,,10.0,,,,,,,,,,,8.0,42.0,5.0,,,,,,2.0,,,,,,,,,
Long Range Final Blows - Most in Game,,,,,7.0,,,2.0,,10.0,,,,,,3.0,,,4.0,,,,,,,,,,,2.0,6.0,,,,,,,,,,,,,,,,
Long Range Final Blows - Avg per 10 Min,,,,,1.79,,,0.45,,5.04,,,,,,0.89,,,0.79,,,,,,,,,,,0.5,3.09,0.18,,,,,,0.22,,,,,,,,,
Dragonstrike Kills - Avg per 10 Min,,,,,2.04,,,,,,,,,,,,,,,,,,,,,,,,,,,,,,,,,,,,,,,,,,
Storm Arrow Kills - Avg per 10 Min,,,,,8.77,,,,,,,,,,,,,,,,,,,,,,,,,,,,,,,,,,,,,,,,,,
Recon Assists - Avg per 10 Min,,,,,2.46,,,,,3.73,,,,,,,,,,,,,,,,,,,,,,,,,,,,,,,,,,,,,
Turret Kills,,,,,,19.0,,,,,,,,,,,,,,,,,,,,,,,,,,,,,,,,,,,,,,,,,
Turret Kills - Most in Game,,,,,,9.0,,,,,,,,,,,,,,,,,,,,,,,,,,,,,,,,,,,,,,,,,
Molten Core Kills,,,,,,2.0,,,,,,,,,,,,,,,,,,,,,,,,,,,,,,,,,,,,,,,,,
Molten Core Kill - Most in Game,,,,,,1.0,,,,,,,,,,,,,,,,,,,,,,,,,,,,,,,,,,,,,,,,,
Overload Kills,,,,,,4.0,,,,,,,,,,,,,,,,,,,,,,,,,,,,,,,,,,,,,,,,,
Overload Kills - Most in Game,,,,,,3.0,,,,,,,,,,,,,,,,,,,,,,,,,,,,,,,,,,,,,,,,,
Molten Core Kills - Avg per 10 Min,,,,,,0.8,,,,,,,,,,,,,,,,,,,,,,,,,,,,,,,,,,,,,,,,,
Turret Kills - Avg per 10 Min,,,,,,7.59,,,,,,,,,,,,,,,,,,,,,,,,,,,,,,,,,,,,,,,,,
Solo Kill - Most in Game,,,,,,1.0,,,,,,,1.0,,,,,,,,,,,,1.0,,1.0,,1.0,,,,,1.0,,,,,,,,,,,,,
Charge Kills,,,,,,,198.0,,,,,,,,,,,,,,,,,,,,,,,,,,,,,,,,,,,,,,,,
Charge Kills - Most in Game,,,,,,,13.0,,,,,,,,,,,,,,,,,,,,,,,,,,,,,,,,,,,,,,,,
Fire Strike Kills,,,,,,,302.0,,,,,,,,,,,,,,,,,,,,,,,,,,,,,,,,,,,,,,,,
Fire Strike Kills - Most in Game,,,,,,,15.0,,,,,,,,,,,,,,,,,,,,,,,,,,,,,,,,,,,,,,,,
Earthshatter Kills,,,,,,,131.0,,,,,,,,,,,,,,,,,,,,,,,,,,,,,,,,,,,,,,,,
Earthshatter Kills - Most in Game,,,,,,,8.0,,,,,,,,,,,,,,,,,,,,,,,,,,,,,,,,,,,,,,,,
Earthshatter Stuns,,,,,,,251.0,,,,,,,,,,,,,,,,,,,,,,,,,,,,,,,,,,,,,,,,
Earthshatter Direct Hits,,,,,,,31.0,,,,,,,,,,,,,,,,,,,,,,,,,,,,,,,,,,,,,,,,
Fire Strike Accuracy,,,,,,,47.0,,,,,,,,,,,,,,,,,,,,,,,,,,,,,,,,,,,,,,,,
Charge Kills - Avg per 10 Min,,,,,,,4.47,,,,,,,,,,,,,,,,,,,,,,,,,,,,,,,,,,,,,,,,
Fire Strike Kills - Avg per 10 Min,,,,,,,6.82,,,,,,,,,,,,,,,,,,,,,,,,,,,,,,,,,,,,,,,,
Earthshatter Kills - Avg per 10 Min,,,,,,,2.96,,,,,,,,,,,,,,,,,,,,,,,,,,,,,,,,,,,,,,,,
Earthshatter Direct Hits - Avg per 10 Min,,,,,,,0.7,,,,,,,,,,,,,,,,,,,,,,,,,,,,,,,,,,,,,,,,
Earthshatter Stuns - Avg per 10 Min,,,,,,,5.67,,,,,,,,,,,,,,,,,,,,,,,,,,,,,,,,,,,,,,,,
Knockback Kills,,,,,,,59.0,66.0,15.0,,,,,,89.0,,18.0,,,9.0,78.0,,,279.0,,,28.0,,40.0,,41.0,,,,,,,,,,,,,168.0,,,5.0
Knockback Kills - Most in Game,,,,,,,6.0,4.0,6.0,,,,,,6.0,,7.0,,,,10.0,,,17.0,,,10.0,,6.0,,7.0,,,,,,,,,,,,,12.0,,,5.0
Knockback Kills - Avg per 10 Min,,,,,,,1.33,1.48,2.1,,,,,,2.44,,4.45,,,3.85,5.16,,,7.6,,,8.75,,6.26,,3.02,,,,,,,,,,,,,6.52,,,6.68
Environmental Kills - Avg per 10 Min,,,,,,,0.25,0.11,0.14,,,,,,0.52,,,0.05,,,,,,0.11,,0.13,,,0.31,,,,,,0.07,0.09,,,,,,,,0.12,,,
Rocket Direct Hits,,,,,,,,1828.0,,,,,,,,,,,,,,,,,,,,,,,,,,,,,,,,,,,,,,,
Barrage Kills,,,,,,,,189.0,,,,,,,,,,,,,,,,,,,,,,,,,,,,,,,,,,,,,,,
Rocket Direct Hits - Most in Game,,,,,,,,84.0,,,,,,,,,,,,,,,,,,,,,,,,,,,,,,,,,,,,,,,
Barrage Kills - Most in Game,,,,,,,,12.0,,,,,,,,,,,,,,,,,,,,,,,,,,,,,,,,,,,,,,,
Barrage Kills - Avg per 10 Min,,,,,,,,4.24,,,,,,,,,,,,,,,,,,,,,,,,,,,,,,,,,,,,,,,
Airtime Percentage,,,,,,,,60.0,,,,,,,,,,,,,,,,,,,,,,,,,,,,,,,,,,,,,,,
Direct Hit Accuracy,,,,,,,,20.0,,,,,,,,,26.0,,,,,,,,,,,,,,,,,,,38.0,,,,34.0,,,,,,,
Rocket Direct Hits - Avg per 10 Min,,,,,,,,41.01,,,,,,,,,,,,,,,,,,,,,,,,,,,,,,,,,,,,,,,
Melee Final Blow - Most in Game,,,,,,,,1.0,,,1.0,,,,,,,,,,1.0,,,,1.0,,,,,1.0,1.0,1.0,1.0,1.0,,,1.0,1.0,,,,1.0,,,1.0,1.0,
Environmental Kill - Most in Game,,,,,,,,1.0,1.0,,,,,,,,,1.0,,,,,,1.0,,,,,1.0,,,,,,1.0,,,,,,,,,1.0,,,
Melee Final Blow,,,,,,,,1.0,,,,,,,,,,,,,,,,,1.0,,,,,,1.0,,1.0,1.0,,,,,,,,1.0,,,1.0,1.0,
Jump Pack Kills,,,,,,,,,36.0,,,,,,,,,,,,,,,,,,,,,,,,,,,,,,,,,,,,,,
Jump Pack Kills - Most in Game,,,,,,,,,7.0,,,,,,,,,,,,,,,,,,,,,,,,,,,,,,,,,,,,,,
Primal Rage Kills,,,,,,,,,14.0,,,,,,,,,,,,,,,,,,,,,,,,,,,,,,,,,,,,,,
Primal Rage Kills - Most in Game,,,,,,,,,6.0,,,,,,,,,,,,,,,,,,,,,,,,,,,,,,,,,,,,,,
Melee Kills,,,,,,,,,30.0,,,,,,,,,,,,,,,,,,,,,,,,,,,,,,,,,,,,,,
Jump Kills,,,,,,,,,36.0,,,,,,,,,,,,,,,,,,,,,,,,,,,,,,,,,,,,,,
Weapon Kills,,,,,,,,,107.0,,,,,,,,,,,,,,,,,,,,,,,,,,,,,,,,,,,,,,
Primal Rage Damage,,,,,,,,,2024.0,,,,,,,,,,,,,,,,,,,,,,,,,,,,,,,,,,,,,,
Jump Pack Kills - Avg per 10 Min,,,,,,,,,5.05,,,,,,,,,,,,,,,,,,,,,,,,,,,,,,,,,,,,,,
Primal Rage Kills  - Avg per 10 Min,,,,,,,,,1.96,,,,,,,,,,,,,,,,,,,,,,,,,,,,,,,,,,,,,,
Secondary Fire Accuracy,,,,,,,,,50.0,,,47.0,,,,,,40.0,,,,,,,,,,47.0,,,,,,,,,,,,,,,,,,,
Primary Fire Accuracy,,,,,,,,,56.0,,,49.0,,,,,,45.0,,,,,,,,,,,,,,,,,,,,,,,,,,,,,
Multikill,,,,,,,,,1.0,,,,,,,,1.0,,,,,,,,,,,,1.0,,,,,1.0,,,,,,1.0,1.0,,1.0,,,,1.0
Environmental Kill,,,,,,,,,1.0,,,,,,,,,1.0,,,,,,,,,,,,,,,,,1.0,,,,,,,,,,,,
Venom Mine Kills,,,,,,,,,,41.0,,,,,,,,,,,,,,,,,,,,,,,,,,,,,,,,,,,,,
Scoped Critical Hits,,,,,,,,,,253.0,,,,,,,,,,,,,,,,,,,,,168.0,,,,,,,,,,,,,,,,
Scoped Critical Hits - Most in Game,,,,,,,,,,12.0,,,,,,,,,,,,,,,,,,,,,4.0,,,,,,,,,,,,,,,,
Venom Mine Kills - Most in Game,,,,,,,,,,3.0,,,,,,,,,,,,,,,,,,,,,,,,,,,,,,,,,,,,,
Scoped Accuracy - Best in Game,,,,,,,,,,80.0,,,,,,,,,,,,,,,70.0,,,,,,67.0,,,,,,,,,,,,,,,47.0,
Scoped Critical Hit Kills,,,,,,,,,,150.0,,,,,,,,,,,,,,,,,,,,,36.0,,,,,,,,,,,,,,,,
Scoped Accuracy,,,,,,,,,,47.0,,,,,,,,,,,,,,,53.0,,,,,,42.0,,,,,,,,,,,,,,,38.0,
Scoped Critical Hit Kills - Avg per 10 Min,,,,,,,,,,5.77,,,,,,,,,,,,,,,,,,,,,2.65,,,,,,,,,,,,,,,,
Scoped Critical Hit Accuracy,,,,,,,,,,24.0,,,,,,,,,,,,,,,,,,,,,22.0,,,,,,,,,,,,,,,,
Scoped Critical Hits - Avg per 10 Min,,,,,,,,,,9.73,,,,,,,,,,,,,,,,,,,,,12.36,,,,,,,,,,,,,,,,
Venom Mine Kills - Avg per 10 Min,,,,,,,,,,1.58,,,,,,,,,,,,,,,,,,,,,,,,,,,,,,,,,,,,,
Artillery Kills,,,,,,,,,,,52.0,,,,,,,,,,,,,,,,,,,,,,,,,,,,,,,,,,,,
Artillery Kills - Most in Game,,,,,,,,,,,6.0,,,,,,,,,,,,,,,,,,,,,,,,,,,,,,,,,,,,
Recon Kills,,,,,,,,,,,371.0,,,,,,,,,,,,,,,,,,,,,,,,,,,,,,,,,,,,
Recon Kills - Most in Game,,,,,,,,,,,21.0,,,,,,,,,,,,,,,,,,,,,,,,,,,,,,,,,,,,
Assault Kills,,,,,,,,,,,271.0,,,,,,,,,,,,,,,,,,,,,,,,,,,,,,,,,,,,
Tank Kills - Most in Game,,,,,,,,,,,25.0,,,,,,,,,,,,,,,,,,,,,,,,,,,,,,,,,,,,
Tactical Grenade Kills,,,,,,,,,,,150.0,,,,,,,,,,,,,,,,,,,,,,,,,,,,,,,,,,,,
Tactical Grenade Kills - Most in Game,,,,,,,,,,,10.0,,,,,,,,,,,,,,,,,,,,,,,,,,,,,,,,,,,,
Tactical Grenade Kills - Avg per 10 Min,,,,,,,,,,,5.77,,,,,,,,,,,,,,,,,,,,,,,,,,,,,,,,,,,,
Recon Kills - Avg per 10 Min,,,,,,,,,,,14.26,,,,,,,,,,,,,,,,,,,,,,,,,,,,,,,,,,,,
Artillery Kills - Avg per 10 Min,,,,,,,,,,,2.0,,,,,,,,,,,,,,,,,,,,,,,,,,,,,,,,,,,,
Assault Kills - Avg per 10 Min,,,,,,,,,,,10.42,,,,,,,,,,,,,,,,,,,,,,,,,,,,,,,,,,,,
Sentry Turret Kills,,,,,,,,,,,,4.0,,,,,,,,,,,,,,,,,,,,,,,,,,,,,,,,,,,
Sentry Turret Kills - Most in Game,,,,,,,,,,,,2.0,,,,,,,,,,,,,,,,,,,,,,,,,,,,,,,,,,,
Players Teleported,,,,,,,,,,,,10.0,,,,,,,,,,,,,,,,,,,,,,,,,,,,,,,,,,,
Players Teleported - Most in Game,,,,,,,,,,,,5.0,,,,,,,,,,,,,,,,,,,,,,,,,,,,,,,,,,,
Secondary Direct Hits,,,,,,,,,,,,33.0,,,,,,,,,,,,,,,,,,,,,,,,,,,,,,,,,,,
Players Teleported - Avg per 10 Min,,,,,,,,,,,,8.3,,,,,,,,,,,,,,,,,,,,,,,,,,,,,,,,,,,
Sentry Turret Kills - Avg per 10 Min,,,,,,,,,,,,3.32,,,,,,,,,,,,,,,,,,,,,,,,,,,,,,,,,,,
Average Damage Multiplier,,,,,,,,,,,,1.97,,,,,,,,,,,,,,,,,,,,,,,,,,,,,,,,,,,
Secondary Direct Hits - Avg per 10 Min,,,,,,,,,,,,27.4,,,,,,,,,,,,,,,,,,,,,,,,,,,,,,,,,,,
Transcendence Healing - Most in Game,,,,,,,,,,,,,850.0,,,,,,,,,,,,,,,,,,,,,,,,,,,,,,,,,,
Transcendence Healing,,,,,,,,,,,,,3528.0,,,,,,,,,,,,,,,,,,,,,,,,,,,,,,,,,,
Charged Volley Kills,,,,,,,,,,,,,10.0,,,,,,,,,,,,,,,,,,,,,,,,,,,,,,,,,,
Charged Volley Kills - Most in Game,,,,,,,,,,,,,3.0,,,,,,,,,,,,,,,,,,,,,,,,,,,,,,,,,,
Charged Volley Accuracy,,,,,,,,,,,,,28.0,,,,,,,,,,,,,,,,,,,,,,,,,,,,,,,,,,
Charged Volley Kills - Avg per 10 Min,,,,,,,,,,,,,2.18,,,,,,,,,,,,,,,,,,,,,,,,,,,,,,,,,,
Transcendence Efficiency,,,,,,,,,,,,,353.0,,,,,,,,,,,,,,,,,,,,,,,,,,,,,,,,,,
Solo Kill,,,,,,,,,,,,,1.0,,,,,,,,,,,,,,1.0,,,,,,,1.0,,,,,,,,,,,,,
Dragonblade Kills,,,,,,,,,,,,,,62.0,,,,,,,,,,,,,,,,,,,,,,,,,,,,,,,,,
Dragonblade Kills - Most in Game,,,,,,,,,,,,,,8.0,,,,,,,,,,,,,,,,,,,,,,,,,,,,,,,,,
Damage Reflected,,,,,,,,,,,,,,33004.0,,,,,,,,,,,,,,,,,,,,,,,,,,,,,,,,,
Damage Reflected - Most in Game,,,,,,,,,,,,,,3779.0,,,,,,,,,,,,,,,,,,,,,,,,,,,,,,,,,
Swift Strike Resets,,,,,,,,,,,,,,162.0,,,,,,,,,,,,,,,,,,,,,,,,,,,,,,,,,
Swift Strike Resets - Most in Game,,,,,,,,,,,,,,162.0,,,,,,,,,,,,,,,,,,,,,,,,,,,,,,,,,
Dragonblade Kills - Avg per 10 Min,,,,,,,,,,,,,,2.94,,,,,,,,,,,,,,,,,,,,,,,,,,,,,,,,,
Damage Reflected - Avg per 10 Min,,,,,,,,,,,,,,1566.0,,,,,,,,,,,,,,,,,,,,,,,,,,,,,,,,,
Swift Strike Resets - Avg per 10 Min NYI,,,,,,,,,,,,,,7.69,,,,,,,,,,,,,,,,,,,,,,,,,,,,,,,,,
Whole Hog Kills - Most in Game,,,,,,,,,,,,,,,6.0,,,,,,,,,,,,,,,,,,,,,,,,,,,,,,,,
Whole Hog Kills,,,,,,,,,,,,,,,89.0,,,,,,,,,,,,,,,,,,,,,,,,,,,,,,,,
Chain Hook Accuracy - Best in Game,,,,,,,,,,,,,,,100.0,,,,,,,,,,,,,,,,,,,,,,,,,,,,,,,,
Healing Amplified,,,,,,,,,,,,,,,3845.0,,,,,,,,,,3759.0,,,,,,,,1587.0,,,,,,,,,,,,,,
Chain Hook Kills,,,,,,,,,,,,,,,279.0,,,,,,,,,,,,,,,,,,,,,,,,,,,,,,,,
Healing Amplified - Avg per 10 Min,,,,,,,,,,,,,,,105.0,,,,,,,,,,326.0,,,,,,,,424.0,,,,,,,,,,,,,,
Chain Hook Kills - Avg per 10 Min,,,,,,,,,,,,,,,7.64,,,,,,,,,,,,,,,,,,,,,,,,,,,,,,,,
Chain Hook Accuracy,,,,,,,,,,,,,,,55.0,,,,,,,,,,,,,,,,,,,,,,,,,,,,,,,,
Whole Hog Kills - Avg per 10 Min,,,,,,,,,,,,,,,2.44,,,,,,,,,,,,,,,,,,,,,,,,,,,,,,,,
Deadeye Kills,,,,,,,,,,,,,,,,104.0,,,,,,,,,,,,,,,,,,,,,,,,,,,,,,,
Deadeye Kills - Most in Game,,,,,,,,,,,,,,,,6.0,,,,,,,,,,,,,,,,,,,,,,,,,,,,,,,
Fan the Hammer Kills,,,,,,,,,,,,,,,,158.0,,,,,,,,,,,,,,,,,,,,,,,,,,,,,,,
Fan the Hammer Kills - Most in Game,,,,,,,,,,,,,,,,7.0,,,,,,,,,,,,,,,,,,,,,,,,,,,,,,,
Flashbang Kills,,,,,,,,,,,,,,,,121.0,,,,,,,,,,,,,,,,,,,,,,,,,,,,,,,
Flashbang Kills - Most in Game,,,,,,,,,,,,,,,,6.0,,,,,,,,,,,,,,,,,,,,,,,,,,,,,,,
Deadeye Kills - Avg per 10 Min,,,,,,,,,,,,,,,,2.26,,,,,,,,,,,,,,,,,,,,,,,,,,,,,,,
Flashbang Kills - Avg per 10 Min,,,,,,,,,,,,,,,,2.62,,,,,,,,,,,,,,,,,,,,,,,,,,,,,,,
Fan the Hammer Kills - Avg per 10 Min,,,,,,,,,,,,,,,,3.43,,,,,,,,,,,,,,,,,,,,,,,,,,,,,,,
Enemies Trapped - Most in Game,,,,,,,,,,,,,,,,,9.0,,,,,,,,,,,,,,,,,,,,,,,,,,,,,,
Enemies Trapped,,,,,,,,,,,,,,,,,28.0,,,,,,,,,,,,,,,,,,,,,,,,,,,,,,
RIP-Tire Kills - Most in Game,,,,,,,,,,,,,,,,,2.0,,,,,,,,,,,,,,,,,,,,,,,,,,,,,,
RIP-Tire Kills,,,,,,,,,,,,,,,,,8.0,,,,,,,,,,,,,,,,,,,,,,,,,,,,,,
Concussion Mine Kills,,,,,,,,,,,,,,,,,18.0,,,,,,,,,,,,,,,,,,,,,,,,,,,,,,
Concussion Mine Kills - Most in Game,,,,,,,,,,,,,,,,,7.0,,,,,,,,,,,,,,,,,,,,,,,,,,,,,,
Concussion Mine Kills - Avg per 10 Min,,,,,,,,,,,,,,,,,4.45,,,,,,,,,,,,,,,,,,,,,,,,,,,,,,
RIP-Tire Kills - Avg per 10 Min,,,,,,,,,,,,,,,,,1.98,,,,,,,,,,,,,,,,,,,,,,,,,,,,,,
Enemies Trapped - Avg per 10 Min,,,,,,,,,,,,,,,,,6.91,,,,,,,,,,,,,,,,,,,,,,,,,,,,,,
Graviton Surge Kills,,,,,,,,,,,,,,,,,,58.0,,,,,,,,,,,,,,,,,,,,,,,,,,,,,
Graviton Surge Kills - Most in Game,,,,,,,,,,,,,,,,,,8.0,,,,,,,,,,,,,,,,,,,,,,,,,,,,,
High Energy Kills - Most in Game,,,,,,,,,,,,,,,,,,22.0,,,,,,,,,,,,,,,,,,,,,,,,,,,,,
High Energy Kills,,,,,,,,,,,,,,,,,,256.0,,,,,,,,,,,,,,,,,,,,,,,,,,,,,
Average Energy - Best in Game,,,,,,,,,,,,,,,,,,67.0,,,,,,,,,,,,,,,,,,,,,,,,,,,,,
Average Energy,,,,,,,,,,,,,,,,,,39.0,,,,,,,,,,,,,,,,,,,,,,,,,,,,,
Graviton Surge Kills - Avg per 10 Min,,,,,,,,,,,,,,,,,,2.9,,,,,,,,,,,,,,,,,,,,,,,,,,,,,
High Energy Kills - Avg per 10 Min,,,,,,,,,,,,,,,,,,12.79,,,,,,,,,,,,,,,,,,,,,,,,,,,,,
Helix Rocket Kills - Most in Game,,,,,,,,,,,,,,,,,,,14.0,,,,,,,,,,,,,,,,,,,,,,,,,,,,
Helix Rocket Kills,,,,,,,,,,,,,,,,,,,89.0,,,,,,,,,,,,,,,,,,,,,,,,,,,,
Tactical Visor Kills,,,,,,,,,,,,,,,,,,,28.0,,,,,,,,,,,,,,,,,,,,,,,,,,,,
Tactical Visor Kills - Most in Game,,,,,,,,,,,,,,,,,,,5.0,,,,,,,,,,,,,,,,,,,,,,,,,,,,
Tactical Visor Kills - Avg per 10 Min,,,,,,,,,,,,,,,,,,,2.21,,,,,,,,,,,,,,,,,,,,,,,,,,,,
Helix Rocket Accuracy,,,,,,,,,,,,,,,,,,,55.0,,,,,,,,,,,,,,,,,,,,,,,,,,,,
Helix Rocket Kills - Avg per 10 Min,,,,,,,,,,,,,,,,,,,7.04,,,,,,,,,,,,,,,,,,,,,,,,,,,,
Sound Barriers Provided,,,,,,,,,,,,,,,,,,,,24.0,,,,,,,,,,,,,,,,,,,,,,,,,,,
Sound Barriers Provided - Most in Game,,,,,,,,,,,,,,,,,,,,8.0,,,,,,,,,,,,,,,,,,,,,,,,,,,
Players Knocked Back,,,,,,,,,,,,,,,,,,,,50.0,,,,,,,93.0,,,,,,,,,,,,,,,,,,,,
Players Knocked Back - Most in Game,,,,,,,,,,,,,,,,,,,,16.0,,,,,,,,,,,,,,,,,,,,,,,,,,,
Sound Barrier Damage Mitigated,,,,,,,,,,,,,,,,,,,,1243.0,,,,,,,,,,,,,,,,,,,,,,,,,,,
Players Knocked Back - Avg per 10 Min,,,,,,,,,,,,,,,,,,,,21.37,,,,,,,,,,,,,,,,,,,,,,,,,,,
Healing Boost Usage,,,,,,,,,,,,,,,,,,,,78.0,,,,,,,,,,,,,,,,,,,,,,,,,,,
Speed Boost Usage,,,,,,,,,,,,,,,,,,,,22.0,,,,,,,,,,,,,,,,,,,,,,,,,,,
Sound Barriers Provided - Avg per 10 Min,,,,,,,,,,,,,,,,,,,,10.26,,,,,,,,,,,,,,,,,,,,,,,,,,,
Knockback Kill - Most in Game,,,,,,,,,,,,,,,,,,,,1.0,,,,,,,,,,,,,,,,,,,,,,,,,,,
Self-Destruct Kills,,,,,,,,,,,,,,,,,,,,,32.0,,,,,,,,,,,,,,,,,,,,,,,,,,
Self-Destruct Kills - Most in Game,,,,,,,,,,,,,,,,,,,,,6.0,,,,,,,,,,,,,,,,,,,,,,,,,,
Ultimates Negated,,,,,,,,,,,,,,,,,,,,,2.0,,,,,4.0,,,,,,,,,,5.0,,,,,,,,,,,
Ultimate Negated - Most in Game,,,,,,,,,,,,,,,,,,,,,1.0,,,,,1.0,,,,,,,,,,,,,,,,,,,,,
Micro Missile Kills,,,,,,,,,,,,,,,,,,,,,139.0,,,,,,,,,,,,,,,,,,,,,,,,,,
Call Mech Kills,,,,,,,,,,,,,,,,,,,,,8.0,,,,,,,,,,,,,,,,,,,,,,,,,,
Micro Missile Kills - Most in Game,,,,,,,,,,,,,,,,,,,,,16.0,,,,,,,,,,,,,,,,,,,,,,,,,,
Call Mech Kills - Most in Game,,,,,,,,,,,,,,,,,,,,,2.0,,,,,,,,,,,,,,,,,,,,,,,,,,
Self-Destruct Kills - Avg per 10 Min,,,,,,,,,,,,,,,,,,,,,2.12,,,,,,,,,,,,,,,,,,,,,,,,,,
Ultimates Negated - Avg per 10 Min,,,,,,,,,,,,,,,,,,,,,0.13,,,,,0.0,,,,,,,,,,0.05,,,,,,,,,,,
Micro Missile Kills - Avg per 10 Min,,,,,,,,,,,,,,,,,,,,,9.2,,,,,,,,,,,,,,,,,,,,,,,,,,
Call Mech Kills - Avg per 10 Min,,,,,,,,,,,,,,,,,,,,,2.12,,,,,,,,,,,,,,,,,,,,,,,,,,
Enemies Frozen,,,,,,,,,,,,,,,,,,,,,,28.0,,,,,,,,,,,,,,,,,,,,,,,,,
Enemies Frozen - Most in Game,,,,,,,,,,,,,,,,,,,,,,5.0,,,,,,,,,,,,,,,,,,,,,,,,,
Blizzard Kills - Most in Game,,,,,,,,,,,,,,,,,,,,,,6.0,,,,,,,,,,,,,,,,,,,,,,,,,
Blizzard Kills,,,,,,,,,,,,,,,,,,,,,,25.0,,,,,,,,,,,,,,,,,,,,,,,,,
Icicle Accuracy,,,,,,,,,,,,,,,,,,,,,,31.0,,,,,,,,,,,,,,,,,,,,,,,,,
Icicle Critical Accuracy,,,,,,,,,,,,,,,,,,,,,,14.0,,,,,,,,,,,,,,,,,,,,,,,,,
Blizzard Kills - Avg per 10 Min,,,,,,,,,,,,,,,,,,,,,,2.3,,,,,,,,,,,,,,,,,,,,,,,,,
Enemies Frozen - Avg per 10 Min,,,,,,,,,,,,,,,,,,,,,,2.58,,,,,,,,,,,,,,,,,,,,,,,,,
Enemies Hacked,,,,,,,,,,,,,,,,,,,,,,,1228.0,,,,,,,,,,,,,,,,,,,,,,,,
Enemies Hacked - Most in Game,,,,,,,,,,,,,,,,,,,,,,,43.0,,,,,,,,,,,,,,,,,,,,,,,,
EMP Kills,,,,,,,,,,,,,,,,,,,,,,,107.0,,,,,,,,,,,,,,,,,,,,,,,,
EMP Kills - Most in Game,,,,,,,,,,,,,,,,,,,,,,,7.0,,,,,,,,,,,,,,,,,,,,,,,,
Low Health Teleports,,,,,,,,,,,,,,,,,,,,,,,119.0,,,,,,,,,,,,,,,,,,,,,,,,
Low Health Teleports - Most in Game,,,,,,,,,,,,,,,,,,,,,,,8.0,,,,,,,,,,,,,,,,,,,,,,,,
Virus Kills,,,,,,,,,,,,,,,,,,,,,,,396.0,,,,,,,,,,,,,,,,,,,,,,,,
Virus Kills - Most in Game,,,,,,,,,,,,,,,,,,,,,,,21.0,,,,,,,,,,,,,,,,,,,,,,,,
Virus Kills - Avg per 10 Min,,,,,,,,,,,,,,,,,,,,,,,9.59,,,,,,,,,,,,,,,,,,,,,,,,
Low Health Teleports - Avg per 10 Min,,,,,,,,,,,,,,,,,,,,,,,2.88,,,,,,,,,,,,,,,,,,,,,,,,
Virus Accuracy,,,,,,,,,,,,,,,,,,,,,,,64.0,,,,,,,,,,,,,,,,,,,,,,,,
EMP Kills - Avg per 10 Min,,,,,,,,,,,,,,,,,,,,,,,2.59,,,,,,,,,,,,,,,,,,,,,,,,
Enemies Hacked - Avg per 10 Min,,,,,,,,,,,,,,,,,,,,,,,29.74,,,,,,,,,,,,,,,,,,,,,,,,
Meteor Strike Kills,,,,,,,,,,,,,,,,,,,,,,,,61.0,,,,,,,,,,,,,,,,,,,,,,,
Meteor Strike Kills - Most in Game,,,,,,,,,,,,,,,,,,,,,,,,5.0,,,,,,,,,,,,,,,,,,,,,,,
Overhealth Created,,,,,,,,,,,,,,,,,,,,,,,,104429.0,,,,,,,,,,,,112936.0,,24874.0,,,,,,,,,
Overhealth Created - Most in Game,,,,,,,,,,,,,,,,,,,,,,,,4078.0,,,,,,,,,,,,2946.0,,4166.0,,,,,,,,,
Rocket Punch Kills,,,,,,,,,,,,,,,,,,,,,,,,279.0,,,,,,,,,,,,,,,,,,,,,,,
Seismic Slam Kills,,,,,,,,,,,,,,,,,,,,,,,,272.0,,,,,,,,,,,,,,,,,,,,,,,
Seismic Slam Kills - Most in Game,,,,,,,,,,,,,,,,,,,,,,,,17.0,,,,,,,,,,,,,,,,,,,,,,,
Rocket Punch Kills - Most in Game,,,,,,,,,,,,,,,,,,,,,,,,17.0,,,,,,,,,,,,,,,,,,,,,,,
Overhealth Created - Avg per 10 Min,,,,,,,,,,,,,,,,,,,,,,,,2845.0,,,,,,,,,,,,1211.0,,2792.0,,,,,,,,,
Seismic Slam Kills - Avg per 10 Min,,,,,,,,,,,,,,,,,,,,,,,,7.41,,,,,,,,,,,,,,,,,,,,,,,
Meteor Strike Kills - Avg per 10 Min,,,,,,,,,,,,,,,,,,,,,,,,1.66,,,,,,,,,,,,,,,,,,,,,,,
Rocket Punch Kills - Avg per 10 Min,,,,,,,,,,,,,,,,,,,,,,,,7.6,,,,,,,,,,,,,,,,,,,,,,,
Enemies Slept,,,,,,,,,,,,,,,,,,,,,,,,,67.0,,,,,,,,,,,,,,,,,,,,,,
Nano Boost Assists,,,,,,,,,,,,,,,,,,,,,,,,,23.0,,,,,,,,,,,,,,,,,,,,,,
Unscoped Accuracy - Best in Game,,,,,,,,,,,,,,,,,,,,,,,,,63.0,,,,,,,,,,,,,,,,,,,,,,
Enemies Slept - Most in Game,,,,,,,,,,,,,,,,,,,,,,,,,11.0,,,,,,,,,,,,,,,,,,,,,,
Nano Boost Assists - Most in Game,,,,,,,,,,,,,,,,,,,,,,,,,6.0,,,,,,,,,,,,,,,,,,,,,,
Biotic Grenade Kills,,,,,,,,,,,,,,,,,,,,,,,,,25.0,,,,,,,,,,,,,,,,,,,,,,
Healing Amplified - Most in Game,,,,,,,,,,,,,,,,,,,,,,,,,768.0,,,,,,,,851.0,,,,,,,,,,,,,,
Biotic Grenade Kills - Avg per 10 Min,,,,,,,,,,,,,,,,,,,,,,,,,2.16,,,,,,,,,,,,,,,,,,,,,,
Enemies Slept - Avg per 10 Min,,,,,,,,,,,,,,,,,,,,,,,,,5.8,,,,,,,,,,,,,,,,,,,,,,
Nano Boost Assists - Avg per 10 Min,,,,,,,,,,,,,,,,,,,,,,,,,1.99,,,,,,,,,,,,,,,,,,,,,,
Sleep Dart Accuracy,,,,,,,,,,,,,,,,,,,,,,,,,44.0,,,,,,,,,,,,,,,,,,,,,,
Unscoped Accuracy,,,,,,,,,,,,,,,,,,,,,,,,,53.0,,,,,,,,,,,,,,,,,,,,,,
Terra Surge Kills,,,,,,,,,,,,,,,,,,,,,,,,,,330.0,,,,,,,,,,,,,,,,,,,,,
Terra Surge Kills - Most in Game,,,,,,,,,,,,,,,,,,,,,,,,,,9.0,,,,,,,,,,,,,,,,,,,,,
Energy Javelin Kills,,,,,,,,,,,,,,,,,,,,,,,,,,625.0,,,,,,,,,,,,,,,,,,,,,
Javelin Spin Kills,,,,,,,,,,,,,,,,,,,,,,,,,,386.0,,,,,,,,,,,,,,,,,,,,,
Energy Javelin Kills NYI,,,,,,,,,,,,,,,,,,,,,,,,,,15.0,,,,,,,,,,,,,,,,,,,,,
Javelin Spin Kills NYI,,,,,,,,,,,,,,,,,,,,,,,,,,9.0,,,,,,,,,,,,,,,,,,,,,
Terra Surge Kills - Avg per 10 Min,,,,,,,,,,,,,,,,,,,,,,,,,,3.46,,,,,,,,,,,,,,,,,,,,,
Javelin Spin Kills - Avg per 10 Min,,,,,,,,,,,,,,,,,,,,,,,,,,0.0,,,,,,,,,,,,,,,,,,,,,
Energy Javelin Accuracy,,,,,,,,,,,,,,,,,,,,,,,,,,53.0,,,,,,,,,,,,,,,,,,,,,
Energy Javelin Kills - Avg per 10 Min,,,,,,,,,,,,,,,,,,,,,,,,,,6.55,,,,,,,,,,,,,,,,,,,,,
Overhealth Provided,,,,,,,,,,,,,,,,,,,,,,,,,,,1817.0,,,,,,,,,,,,,,,,,,,,
Overhealth Provided - Most in Game,,,,,,,,,,,,,,,,,,,,,,,,,,,465.0,,,,,,,,,,,,,,,,,,,,
Whipshots Attempted,,,,,,,,,,,,,,,,,,,,,,,,,,,100.0,,,,,,,,,,,,,,,,,,,,
Inspire Uptime Percentage,,,,,,,,,,,,,,,,,,,,,,,,,,,23.0,,,,,,,,,,,,,,,,,,,,
Whipshot Accuracy,,,,,,,,,,,,,,,,,,,,,,,,,,,58.0,,,,,,,,,,,,,,,,,,,,
Overhealth Provided - Avg per 10 Min,,,,,,,,,,,,,,,,,,,,,,,,,,,568.0,,,,,,,,,,,,,,,,,,,,
Players Knocked Back - Avg per 10 Min NYI,,,,,,,,,,,,,,,,,,,,,,,,,,,29.06,,,,,,,,,,,,,,,,,,,,
Players Knocked Back - Most in Game NYI,,,,,,,,,,,,,,,,,,,,,,,,,,,30.0,,,,,,,,,,,,,,,,,,,,
Coalescence Kills,,,,,,,,,,,,,,,,,,,,,,,,,,,,111.0,,,,,,,,,,,,,,,,,,,
Coalescence Kills - Most in Game,,,,,,,,,,,,,,,,,,,,,,,,,,,,12.0,,,,,,,,,,,,,,,,,,,
Coalescence Healing,,,,,,,,,,,,,,,,,,,,,,,,,,,,31935.0,,,,,,,,,,,,,,,,,,,
Coalescence Healing - Most in Game,,,,,,,,,,,,,,,,,,,,,,,,,,,,2655.0,,,,,,,,,,,,,,,,,,,
Biotic Orb Kills,,,,,,,,,,,,,,,,,,,,,,,,,,,,218.0,,,,,,,,,,,,,,,,,,,
Biotic Orb Kills - Most in Game,,,,,,,,,,,,,,,,,,,,,,,,,,,,15.0,,,,,,,,,,,,,,,,,,,
Biotic Orb Kills  - Avg per 10 Min,,,,,,,,,,,,,,,,,,,,,,,,,,,,7.27,,,,,,,,,,,,,,,,,,,
Coalescence Kills - Avg per 10 Min,,,,,,,,,,,,,,,,,,,,,,,,,,,,3.7,,,,,,,,,,,,,,,,,,,
Ally Coalescence Efficiency,,,,,,,,,,,,,,,,,,,,,,,,,,,,44.0,,,,,,,,,,,,,,,,,,,
Enemy Coalescence Efficiency,,,,,,,,,,,,,,,,,,,,,,,,,,,,66.0,,,,,,,,,,,,,,,,,,,
Coalescence Healing - Avg per 10 Min,,,,,,,,,,,,,,,,,,,,,,,,,,,,1065.0,,,,,,,,,,,,,,,,,,,
Adaptive Shielding Created,,,,,,,,,,,,,,,,,,,,,,,,,,,,,30600.0,,,,,,,,,,,,,,,,,,
Piledriver Kills,,,,,,,,,,,,,,,,,,,,,,,,,,,,,29.0,,,,,,,,,,,,,,,,,,
Grappling Claw Kills,,,,,,,,,,,,,,,,,,,,,,,,,,,,,11.0,,,,,,,,,,,,,,,,,,
Minefield Kills,,,,,,,,,,,,,,,,,,,,,,,,,,,,,14.0,,,,,,,,,,,,,,,,,,
Grappling Claw Kills - Most in Game,,,,,,,,,,,,,,,,,,,,,,,,,,,,,3.0,,,,,,,,,,,,,,,,,,
Minefield Kills - Most in Game,,,,,,,,,,,,,,,,,,,,,,,,,,,,,3.0,,,,,,,,,,,,,,,,,,
Piledriver Kills - Most in Game,,,,,,,,,,,,,,,,,,,,,,,,,,,,,7.0,,,,,,,,,,,,,,,,,,
Adaptive Shielding Created - Most in Game,,,,,,,,,,,,,,,,,,,,,,,,,,,,,30600.0,,,,,,,,,,,,,,,,,,
Piledriver Kills - Avg per 10 Min,,,,,,,,,,,,,,,,,,,,,,,,,,,,,4.54,,,,,,,,,,,,,,,,,,
Grappling Claw Kills - Avg per 10 Min,,,,,,,,,,,,,,,,,,,,,,,,,,,,,1.72,,,,,,,,,,,,,,,,,,
Minefield Kills - Avg per 10 Min,,,,,,,,,,,,,,,,,,,,,,,,,,,,,2.19,,,,,,,,,,,,,,,,,,
Adaptive Shielding Created - Avg per 10 Min,,,,,,,,,,,,,,,,,,,,,,,,,,,,,4786.0,,,,,,,,,,,,,,,,,,
Charged Shot Kills - Most in Game,,,,,,,,,,,,,,,,,,,,,,,,,,,,,,16.0,,,,,,,,,,,,,,,,,
Charged Shot Kills,,,,,,,,,,,,,,,,,,,,,,,,,,,,,,156.0,,,,,,,,,,,,,,,,,
Charged Shot Accuracy - Best in Game,,,,,,,,,,,,,,,,,,,,,,,,,,,,,,100.0,,,,,,,,,,,,,,,,,
Overclock Kills - Most in Game,,,,,,,,,,,,,,,,,,,,,,,,,,,,,,5.0,,,,,,,,,,,,,,,,,
Overclock Kills,,,,,,,,,,,,,,,,,,,,,,,,,,,,,,36.0,,,,,,,,,,,,,,,,,
Disruptor Shot Kills,,,,,,,,,,,,,,,,,,,,,,,,,,,,,,46.0,,,,,,,,,,,,,,,,,
Disruptor Shot Kills - Most in Game,,,,,,,,,,,,,,,,,,,,,,,,,,,,,,5.0,,,,,,,,,,,,,,,,,
Charged Shot Critical Accuracy,,,,,,,,,,,,,,,,,,,,,,,,,,,,,,14.0,,,,,,,,,,,,,,,,,
Overclock Kills - Avg per 10 Min,,,,,,,,,,,,,,,,,,,,,,,,,,,,,,2.27,,,,,,,,,,,,,,,,,
Charged Shot Kills - Avg per 10 Min,,,,,,,,,,,,,,,,,,,,,,,,,,,,,,9.85,,,,,,,,,,,,,,,,,
Charged Shot Accuracy,,,,,,,,,,,,,,,,,,,,,,,,,,,,,,55.0,,,,,,,,,,,,,,,,,
Disruptor Shot Kills - Avg per 10 Min,,,,,,,,,,,,,,,,,,,,,,,,,,,,,,2.9,,,,,,,,,,,,,,,,,
Dynamite Kills,,,,,,,,,,,,,,,,,,,,,,,,,,,,,,,56.0,,,,,,,,,,,,,,,,
Dynamite Kills - Most in Game,,,,,,,,,,,,,,,,,,,,,,,,,,,,,,,8.0,,,,,,,,,,,,,,,,
Coach Gun Kills,,,,,,,,,,,,,,,,,,,,,,,,,,,,,,,30.0,,,,,,,,,,,,,,,,
Coach Gun Kills - Most in Game,,,,,,,,,,,,,,,,,,,,,,,,,,,,,,,4.0,,,,,,,,,,,,,,,,
Bob Kills,,,,,,,,,,,,,,,,,,,,,,,,,,,,,,,47.0,,,,,,,,,,,,,,,,
Bob Kills - Most in Game,,,,,,,,,,,,,,,,,,,,,,,,,,,,,,,7.0,,,,,,,,,,,,,,,,
Dynamite Kills - Avg per 10 Min,,,,,,,,,,,,,,,,,,,,,,,,,,,,,,,4.12,,,,,,,,,,,,,,,,
Bob Kills - Avg per 10 Min,,,,,,,,,,,,,,,,,,,,,,,,,,,,,,,3.46,,,,,,,,,,,,,,,,
Coach Gun Kills - Avg per 10 Min,,,,,,,,,,,,,,,,,,,,,,,,,,,,,,,2.21,,,,,,,,,,,,,,,,
Focusing Beam Kills,,,,,,,,,,,,,,,,,,,,,,,,,,,,,,,,240.0,,,,,,,,,,,,,,,
Focusing Beam Kills - Most in Game,,,,,,,,,,,,,,,,,,,,,,,,,,,,,,,,14.0,,,,,,,,,,,,,,,
Sticky Bombs Kills,,,,,,,,,,,,,,,,,,,,,,,,,,,,,,,,288.0,,,,,,,,,,,,,,,
Sticky Bombs Kills - Most in Game,,,,,,,,,,,,,,,,,,,,,,,,,,,,,,,,18.0,,,,,,,,,,,,,,,
Duplicate Kills,,,,,,,,,,,,,,,,,,,,,,,,,,,,,,,,115.0,,,,,,,,,,,,,,,
Duplicate Kills - Most in Game,,,,,,,,,,,,,,,,,,,,,,,,,,,,,,,,10.0,,,,,,,,,,,,,,,
Sticky Bombs Direct Hits - Most in Game,,,,,,,,,,,,,,,,,,,,,,,,,,,,,,,,125.0,,,,,,,,,,,,,,,
Long Range Final Blow - Most in Game,,,,,,,,,,,,,,,,,,,,,,,,,,,,,,,,1.0,,,,,,1.0,,,,,,,,,
Focusing Beam Accuracy,,,,,,,,,,,,,,,,,,,,,,,,,,,,,,,,43.0,,,,,,,,,,,,,,,
Sticky Bombs Direct Hit Accuracy,,,,,,,,,,,,,,,,,,,,,,,,,,,,,,,,35.0,,,,,,,,,,,,,,,
Duplicate Kills - Avg per 10 Min,,,,,,,,,,,,,,,,,,,,,,,,,,,,,,,,4.15,,,,,,,,,,,,,,,
Focusing Beam Kills - Avg per 10 Min,,,,,,,,,,,,,,,,,,,,,,,,,,,,,,,,8.67,,,,,,,,,,,,,,,
Sticky Bombs Kills - Avg per 10 Min,,,,,,,,,,,,,,,,,,,,,,,,,,,,,,,,10.4,,,,,,,,,,,,,,,
Sticky Bombs Direct Hits - Avg per 10 Min,,,,,,,,,,,,,,,,,,,,,,,,,,,,,,,,81.47,,,,,,,,,,,,,,,
Amplification Matrix Assists,,,,,,,,,,,,,,,,,,,,,,,,,,,,,,,,,5.0,,,,,,,,,,,,,,
Healing Accuracy - Best in Game,,,,,,,,,,,,,,,,,,,,,,,,,,,,,,,,,71.0,,,,,,,,,,,,,,
Amplification Matrix Assists - Best in Game,,,,,,,,,,,,,,,,,,,,,,,,,,,,,,,,,3.0,,,,,,,,,,,,,,
Immortality Field Deaths Prevented,,,,,,,,,,,,,,,,,,,,,,,,,,,,,,,,,12.0,,,,,,,,,,,,,,
Immortality Field Deaths Prevented - Most in Game,,,,,,,,,,,,,,,,,,,,,,,,,,,,,,,,,4.0,,,,,,,,,,,,,,
Healing Accuracy,,,,,,,,,,,,,,,,,,,,,,,,,,,,,,,,,64.0,,,,,,,,,,,,,,
Immortality Field Deaths Prevented - Avg per 10 Min,,,,,,,,,,,,,,,,,,,,,,,,,,,,,,,,,3.21,,,,,,,,,,,,,,
Amplification Matrix Assists - Avg per 10 Min,,,,,,,,,,,,,,,,,,,,,,,,,,,,,,,,,1.34,,,,,,,,,,,,,,
Critical Hit Kill - Most in Game,,,,,,,,,,,,,,,,,,,,,,,,,,,,,,,,,1.0,,,,,,,,,,,,,,1.0
Critical Hit Kill,,,,,,,,,,,,,,,,,,,,,,,,,,,,,,,,,1.0,,,,,,,,1.0,,,,,,1.0
Negative Effects Cleansed - Most in Game,,,,,,,,,,,,,,,,,,,,,,,,,,,,,,,,,,20.0,,,,,,,,,,,,,
Kitsune Rush Assists,,,,,,,,,,,,,,,,,,,,,,,,,,,,,,,,,,127.0,,,,,,,,,,,,,
Kitsune Rush Assists - Most in Game,,,,,,,,,,,,,,,,,,,,,,,,,,,,,,,,,,26.0,,,,,,,,,,,,,
Kunai Kills,,,,,,,,,,,,,,,,,,,,,,,,,,,,,,,,,,154.0,,,,,,,,,,,,,
Kunai Kills - Most in Game,,,,,,,,,,,,,,,,,,,,,,,,,,,,,,,,,,16.0,,,,,,,,,,,,,
Kunai Kills - Avg per 10 Min,,,,,,,,,,,,,,,,,,,,,,,,,,,,,,,,,,11.81,,,,,,,,,,,,,
Negative Effects Cleansed - Avg per 10 Min,,,,,,,,,,,,,,,,,,,,,,,,,,,,,,,,,,3.45,,,,,,,,,,,,,
Kitsune Rush Assists - Avg per 10 Min,,,,,,,,,,,,,,,,,,,,,,,,,,,,,,,,,,9.74,,,,,,,,,,,,,
Jagged Blade Kills,,,,,,,,,,,,,,,,,,,,,,,,,,,,,,,,,,,71.0,,,,,,,,,,,,
Jagged Blade Kills - Most in Game,,,,,,,,,,,,,,,,,,,,,,,,,,,,,,,,,,,7.0,,,,,,,,,,,,
Jagged Blade Accuracy - Best in Game,,,,,,,,,,,,,,,,,,,,,,,,,,,,,,,,,,,63.0,,,,,,,,,,,,
Carnage Kills,,,,,,,,,,,,,,,,,,,,,,,,,,,,,,,,,,,86.0,,,,,,,,,,,,
Carnage Kills - Most in Game,,,,,,,,,,,,,,,,,,,,,,,,,,,,,,,,,,,12.0,,,,,,,,,,,,
Rampage Kills,,,,,,,,,,,,,,,,,,,,,,,,,,,,,,,,,,,35.0,,,,,,,,,,,,
Rampage Kills - Most in Game,,,,,,,,,,,,,,,,,,,,,,,,,,,,,,,,,,,7.0,,,,,,,,,,,,
Wound Uptime Percentage,,,,,,,,,,,,,,,,,,,,,,,,,,,,,,,,,,,20.0,,,,,,,,,,,,
Jagged Blade Accuracy,,,,,,,,,,,,,,,,,,,,,,,,,,,,,,,,,,,37.0,,,,,,,,,,,,
Rampage Kills - Avg per 10 Min,,,,,,,,,,,,,,,,,,,,,,,,,,,,,,,,,,,2.54,,,,,,,,,,,,
Jagged Blade Kills - Avg per 10 Min,,,,,,,,,,,,,,,,,,,,,,,,,,,,,,,,,,,5.14,,,,,,,,,,,,
Carnage Kills - Avg per 10 Min,,,,,,,,,,,,,,,,,,,,,,,,,,,,,,,,,,,6.23,,,,,,,,,,,,
Accretion Kills - Most in Game,,,,,,,,,,,,,,,,,,,,,,,,,,,,,,,,,,,,13.0,,,,,,,,,,,
Accretion Kills,,,,,,,,,,,,,,,,,,,,,,,,,,,,,,,,,,,,563.0,,,,,,,,,,,
Gravitic Flux Kills,,,,,,,,,,,,,,,,,,,,,,,,,,,,,,,,,,,,267.0,,,,,,,,,,,
Gravitic Flux Kills - Most in Game,,,,,,,,,,,,,,,,,,,,,,,,,,,,,,,,,,,,8.0,,,,,,,,,,,
Ultimates Negated - Most in Game,,,,,,,,,,,,,,,,,,,,,,,,,,,,,,,,,,,,2.0,,,,,,,,,,,
Accretion Kills - Avg per 10 Min,,,,,,,,,,,,,,,,,,,,,,,,,,,,,,,,,,,,6.04,,,,,,,,,,,
Gravitic Flux Kills - Avg per 10 Min,,,,,,,,,,,,,,,,,,,,,,,,,,,,,,,,,,,,2.86,,,,,,,,,,,
Accretion Accuracy,,,,,,,,,,,,,,,,,,,,,,,,,,,,,,,,,,,,52.0,,,,,,,,,,,
Pummel Kills,,,,,,,,,,,,,,,,,,,,,,,,,,,,,,,,,,,,,299.0,,,,,,,,,,
Pummel Kills - Most in Game,,,,,,,,,,,,,,,,,,,,,,,,,,,,,,,,,,,,,25.0,,,,,,,,,,
Ravenous Vortex Kills,,,,,,,,,,,,,,,,,,,,,,,,,,,,,,,,,,,,,108.0,,,,,,,,,,
Ravenous Vortex Kills - Most in Game,,,,,,,,,,,,,,,,,,,,,,,,,,,,,,,,,,,,,11.0,,,,,,,,,,
Annihilation Kills,,,,,,,,,,,,,,,,,,,,,,,,,,,,,,,,,,,,,102.0,,,,,,,,,,
Annihilation Kills - Most in Game,,,,,,,,,,,,,,,,,,,,,,,,,,,,,,,,,,,,,12.0,,,,,,,,,,
Ravenous Vortex Kills - Avg per 10 Min,,,,,,,,,,,,,,,,,,,,,,,,,,,,,,,,,,,,,4.92,,,,,,,,,,
Annihilation Kills - Avg per 10 Min,,,,,,,,,,,,,,,,,,,,,,,,,,,,,,,,,,,,,4.65,,,,,,,,,,
Annihilation Efficiency,,,,,,,,,,,,,,,,,,,,,,,,,,,,,,,,,,,,,325.0,,,,,,,,,,
Pummel Kills - Avg per 10 Min,,,,,,,,,,,,,,,,,,,,,,,,,,,,,,,,,,,,,13.63,,,,,,,,,,
Pummel Accuracy,,,,,,,,,,,,,,,,,,,,,,,,,,,,,,,,,,,,,57.0,,,,,,,,,,
Overrun Kills,,,,,,,,,,,,,,,,,,,,,,,,,,,,,,,,,,,,,,68.0,,,,,,,,,
Overrun Kills - Most in Game,,,,,,,,,,,,,,,,,,,,,,,,,,,,,,,,,,,,,,12.0,,,,,,,,,
Cage Fight Kills,,,,,,,,,,,,,,,,,,,,,,,,,,,,,,,,,,,,,,26.0,,,,,,,,,
Cage Fight Kills - Most in Game,,,,,,,,,,,,,,,,,,,,,,,,,,,,,,,,,,,,,,6.0,,,,,,,,,
Critical Hit Damage,,,,,,,,,,,,,,,,,,,,,,,,,,,,,,,,,,,,,,51761.0,,,,,,,,,2216.0
Critical Hit Damage - Most in Game,,,,,,,,,,,,,,,,,,,,,,,,,,,,,,,,,,,,,,8331.0,,,,,,,,,2216.0
Critical Hit Damage - Avg per 10 Min,,,,,,,,,,,,,,,,,,,,,,,,,,,,,,,,,,,,,,5810.0,,,,,,,,,2962.0
Overrun Kills - Avg per 10 Min,,,,,,,,,,,,,,,,,,,,,,,,,,,,,,,,,,,,,,7.63,,,,,,,,,
Cage Fight Kills- Avg per 10 Min,,,,,,,,,,,,,,,,,,,,,,,,,,,,,,,,,,,,,,2.92,,,,,,,,,
Take Aim Accuracy,,,,,,,,,,,,,,,,,,,,,,,,,,,,,,,,,,,,,,,33.0,,,,,,,,
Death,,,,,,,,,,,,,,,,,,,,,,,,,,,,,,,,,,,,,,,1.0,,,,,,,,
Critical Hit,,,,,,,,,,,,,,,,,,,,,,,,,,,,,,,,,,,,,,,1.0,,,,,,,,
Smart Excavator Direct Hits - Most in Game,,,,,,,,,,,,,,,,,,,,,,,,,,,,,,,,,,,,,,,,78.0,,,,,,,
Drill Dash Kills - Most in Game,,,,,,,,,,,,,,,,,,,,,,,,,,,,,,,,,,,,,,,,10.0,,,,,,,
Drill Dash Kills,,,,,,,,,,,,,,,,,,,,,,,,,,,,,,,,,,,,,,,,45.0,,,,,,,
Burrow Kills,,,,,,,,,,,,,,,,,,,,,,,,,,,,,,,,,,,,,,,,52.0,,,,,,,
Burrow Kills - Most in Game,,,,,,,,,,,,,,,,,,,,,,,,,,,,,,,,,,,,,,,,10.0,,,,,,,
Tectonic Shock Kills,,,,,,,,,,,,,,,,,,,,,,,,,,,,,,,,,,,,,,,,25.0,,,,,,,
Tectonic Shock Kills - Most in Game,,,,,,,,,,,,,,,,,,,,,,,,,,,,,,,,,,,,,,,,6.0,,,,,,,
Shields Created,,,,,,,,,,,,,,,,,,,,,,,,,,,,,,,,,,,,,,,,21337.0,,,,,,,
Shields Created - Most in Game,,,,,,,,,,,,,,,,,,,,,,,,,,,,,,,,,,,,,,,,3586.0,,,,,,,
Shields Created - Avg per 10 Min,,,,,,,,,,,,,,,,,,,,,,,,,,,,,,,,,,,,,,,,2772.0,,,,,,,
Drill Dash Kills - Avg per 10 Min,,,,,,,,,,,,,,,,,,,,,,,,,,,,,,,,,,,,,,,,5.85,,,,,,,
Downpour Kills,,,,,,,,,,,,,,,,,,,,,,,,,,,,,,,,,,,,,,,,,7.0,,,,,,
Downpour Kills - Most in Game,,,,,,,,,,,,,,,,,,,,,,,,,,,,,,,,,,,,,,,,,3.0,,,,,,
Spike Guard Damage Done,,,,,,,,,,,,,,,,,,,,,,,,,,,,,,,,,,,,,,,,,11964.0,,,,,,
Spike Guard Damage Done - Most in Game,,,,,,,,,,,,,,,,,,,,,,,,,,,,,,,,,,,,,,,,,2326.0,,,,,,
Violent Leap Damage Done,,,,,,,,,,,,,,,,,,,,,,,,,,,,,,,,,,,,,,,,,8170.0,,,,,,
Violent Leap Damage Done - Most in Game,,,,,,,,,,,,,,,,,,,,,,,,,,,,,,,,,,,,,,,,,2237.0,,,,,,
Jagged Wall Assists,,,,,,,,,,,,,,,,,,,,,,,,,,,,,,,,,,,,,,,,,10.0,,,,,,
Spike Guard Damage Done - Avg per 10 Min,,,,,,,,,,,,,,,,,,,,,,,,,,,,,,,,,,,,,,,,,3045.0,,,,,,
Downpour Kills - Avg per 10 Min,,,,,,,,,,,,,,,,,,,,,,,,,,,,,,,,,,,,,,,,,1.78,,,,,,
Violent Leap Damage Done - Avg per 10 Min,,,,,,,,,,,,,,,,,,,,,,,,,,,,,,,,,,,,,,,,,2079.0,,,,,,
Orbital Ray Assists,,,,,,,,,,,,,,,,,,,,,,,,,,,,,,,,,,,,,,,,,,4.0,,,,,
Orbital Ray Assists - Most in Game,,,,,,,,,,,,,,,,,,,,,,,,,,,,,,,,,,,,,,,,,,3.0,,,,,
Orbital Ray Assists - Avg per 10 Min,,,,,,,,,,,,,,,,,,,,,,,,,,,,,,,,,,,,,,,,,,1.18,,,,,
Projected Edge Kills,,,,,,,,,,,,,,,,,,,,,,,,,,,,,,,,,,,,,,,,,,,31.0,,,,
Projected Edge Kills - Most in Game,,,,,,,,,,,,,,,,,,,,,,,,,,,,,,,,,,,,,,,,,,,11.0,,,,
Whirlwind Dash Kills,,,,,,,,,,,,,,,,,,,,,,,,,,,,,,,,,,,,,,,,,,,17.0,,,,
Whirlwind Dash Kills - Most in Game,,,,,,,,,,,,,,,,,,,,,,,,,,,,,,,,,,,,,,,,,,,5.0,,,,
Sundering Blade Kills,,,,,,,,,,,,,,,,,,,,,,,,,,,,,,,,,,,,,,,,,,,9.0,,,,
Sundering Blade Kills - Most in Game,,,,,,,,,,,,,,,,,,,,,,,,,,,,,,,,,,,,,,,,,,,4.0,,,,
Whirlwind Dash Kills - Avg per 10 Min,,,,,,,,,,,,,,,,,,,,,,,,,,,,,,,,,,,,,,,,,,,2.42,,,,
Projected Edge Accuracy,,,,,,,,,,,,,,,,,,,,,,,,,,,,,,,,,,,,,,,,,,,47.0,,,,
Sundering Blade Kills - Avg per 10 Min,,,,,,,,,,,,,,,,,,,,,,,,,,,,,,,,,,,,,,,,,,,1.28,,,,
Projected Edge Kills - Avg per 10 Min,,,,,,,,,,,,,,,,,,,,,,,,,,,,,,,,,,,,,,,,,,,4.42,,,,
Onslaught Uptime Percentage,,,,,,,,,,,,,,,,,,,,,,,,,,,,,,,,,,,,,,,,,,,41.0,,,,
Panopticon Hits,,,,,,,,,,,,,,,,,,,,,,,,,,,,,,,,,,,,,,,,,,,,132.0,,,
Panopticon Hits - Avg per 10 Min,,,,,,,,,,,,,,,,,,,,,,,,,,,,,,,,,,,,,,,,,,,,5.13,,,
Tracking Kills - Most in Game,,,,,,,,,,,,,,,,,,,,,,,,,,,,,,,,,,,,,,,,,,,,,8.0,,
Tracking Kills,,,,,,,,,,,,,,,,,,,,,,,,,,,,,,,,,,,,,,,,,,,,,17.0,,
Trailblazer Kills,,,,,,,,,,,,,,,,,,,,,,,,,,,,,,,,,,,,,,,,,,,,,6.0,,
Trailblazer Kills - Most in Game,,,,,,,,,,,,,,,,,,,,,,,,,,,,,,,,,,,,,,,,,,,,,3.0,,
Tremor Charge Kills - Most in Game,,,,,,,,,,,,,,,,,,,,,,,,,,,,,,,,,,,,,,,,,,,,,2.0,,
Tremor Charge Kills,,,,,,,,,,,,,,,,,,,,,,,,,,,,,,,,,,,,,,,,,,,,,2.0,,
Tracking Shot Accuracy,,,,,,,,,,,,,,,,,,,,,,,,,,,,,,,,,,,,,,,,,,,,,38.0,,
Tracking Kills - Avg per 10 Min,,,,,,,,,,,,,,,,,,,,,,,,,,,,,,,,,,,,,,,,,,,,,5.12,,
Trailblazer Kills - Avg per 10 Min,,,,,,,,,,,,,,,,,,,,,,,,,,,,,,,,,,,,,,,,,,,,,1.81,,
Tremor Charge Kills - Avg per 10 Min,,,,,,,,,,,,,,,,,,,,,,,,,,,,,,,,,,,,,,,,,,,,,0.6,,
Game Lost,,,,,,,,,,,,,,,,,,,,,,,,,,,,,,,,,,,,,,,,,,,,,1.0,,
Override Protocol Kills - Most in Game,,,,,,,,,,,,,,,,,,,,,,,,,,,,,,,,,,,,,,,,,,,,,,6.0,
Override Protocol Kills,,,,,,,,,,,,,,,,,,,,,,,,,,,,,,,,,,,,,,,,,,,,,,28.0,
Cyber Frag Damage Done,,,,,,,,,,,,,,,,,,,,,,,,,,,,,,,,,,,,,,,,,,,,,,11314.0,
Cyber Frag Damage Done - Most in Game,,,,,,,,,,,,,,,,,,,,,,,,,,,,,,,,,,,,,,,,,,,,,,3252.0,
Siphon Blaster Damage Done,,,,,,,,,,,,,,,,,,,,,,,,,,,,,,,,,,,,,,,,,,,,,,11323.0,
Siphon Blaster Damage Done - Most in Game,,,,,,,,,,,,,,,,,,,,,,,,,,,,,,,,,,,,,,,,,,,,,,2992.0,
Siphon Blaster Damage Done - Avg per 10 Min,,,,,,,,,,,,,,,,,,,,,,,,,,,,,,,,,,,,,,,,,,,,,,1923.0,
Override Protocol Kills - Avg per 10 Min,,,,,,,,,,,,,,,,,,,,,,,,,,,,,,,,,,,,,,,,,,,,,,4.76,
Cyber Frag Damage Done - Avg per 10 Min,,,,,,,,,,,,,,,,,,,,,,,,,,,,,,,,,,,,,,,,,,,,,,1922.0,
Enemies Ignited,,,,,,,,,,,,,,,,,,,,,,,,,,,,,,,,,,,,,,,,,,,,,,,26.0
Enemies Ignited - Most in Game,,,,,,,,,,,,,,,,,,,,,,,,,,,,,,,,,,,,,,,,,,,,,,,26.0
Dancing Blaze Kills,,,,,,,,,,,,,,,,,,,,,,,,,,,,,,,,,,,,,,,,,,,,,,,4.0
Dancing Blaze Kills - Most in Game,,,,,,,,,,,,,,,,,,,,,,,,,,,,,,,,,,,,,,,,,,,,,,,4.0
Ultimate Kills,,,,,,,,,,,,,,,,,,,,,,,,,,,,,,,,,,,,,,,,,,,,,,,3.0
Ultimate Kills - Most in Game,,,,,,,,,,,,,,,,,,,,,,,,,,,,,,,,,,,,,,,,,,,,,,,3.0
Enemies Ignited - Avg per 10 Min,,,,,,,,,,,,,,,,,,,,,,,,,,,,,,,,,,,,,,,,,,,,,,,34.75
Ultimate Kills - Avg per 10 Min,,,,,,,,,,,,,,,,,,,,,,,,,,,,,,,,,,,,,,,,,,,,,,,4.01
Fan the Flames Accuracy,,,,,,,,,,,,,,,,,,,,,,,,,,,,,,,,,,,,,,,,,,,,,,,52.0
Dancing Blaze Kills - Avg per 10 Min,,,,,,,,,,,,,,,,,,,,,,,,,,,,,,,,,,,,,,,,,,,,,,,5.35
