,all-heroes,ana,anran,ashe,baptiste,bastion,brigitte,cassidy,dva,domina,doomfist,echo,emre,genji,hazard,hanzo,jetpack-cat,junker-queen,junkrat,juno,kiriko,lucio,mei,mercy,moira,orisa,pharah,ramattra,reaper,reinhardt,roadhog,sigma,sojourn,soldier-76,sombra,symmetra,torbjorn,tracer,vendetta,venture,widowmaker,winston,wrecking-ball,wuyang,zarya,zenyatta
Tank,platinum 5,platinum 5,platinum 5,platinum 5,platinum 5,platinum 5,platinum 5,platinum 5,platinum 5,platinum 5,platinum 5,platinum 5,platinum 5,platinum 5,platinum 5,platinum 5,platinum 5,platinum 5,platinum 5,platinum 5,platinum 5,platinum 5,platinum 5,platinum 5,platinum 5,platinum 5,platinum 5,platinum 5,platinum 5,platinum 5,platinum 5,platinum 5,platinum 5,platinum 5,platinum 5,platinum 5,platinum 5,platinum 5,platinum 5,platinum 5,platinum 5,platinum 5,platinum 5,platinum 5,platinum 5,platinum 5
Damage,platinum 4,platinum 4,platinum 4,platinum 4,platinum 4,platinum 4,platinum 4,platinum 4,platinum 4,platinum 4,platinum 4,platinum 4,platinum 4,platinum 4,platinum 4,platinum 4,platinum 4,platinum 4,platinum 4,platinum 4,platinum 4,platinum 4,platinum 4,platinum 4,platinum 4,platinum 4,platinum 4,platinum 4,platinum 4,platinum 4,platinum 4,platinum 4,platinum 4,platinum 4,platinum 4,platinum 4,platinum 4,platinum 4,platinum 4,platinum 4,platinum 4,platinum 4,platinum 4,platinum 4,platinum 4,platinum 4
Support,platinum 2,platinum 2,platinum 2,platinum 2,platinum 2,platinum 2,platinum 2,platinum 2,platinum 2,platinum 2,platinum 2,platinum 2,platinum 2,platinum 2,platinum 2,platinum 2,platinum 2,platinum 2,platinum 2,platinum 2,platinum 2,platinum 2,platinum 2,platinum 2,platinum 2,platinum 2,platinum 2,platinum 2,platinum 2,platinum 2,platinum 2,platinum 2,platinum 2,platinum 2,platinum 2,platinum 2,platinum 2,platinum 2,platinum 2,platinum 2,platinum 2,platinum 2,platinum 2,platinum 2,platinum 2,platinum 2
Open,,,,,,,,,,,,,,,,,,,,,,,,,,,,,,,,,,,,,,,,,,,,,,
Eliminations - Most in Game,49,20,3,25,16,31,19,34,48,9,44,33,11,33,28,42,,33,39,28,19,27,10,2,25,21,35,6,42,30,44,34,2,19,28,27,40,49,12,29,22,28,28,17,35,28
Final Blows - Most in Game,32,5,,22,7,18,9,26,20,5,32,22,5,18,19,31,,19,24,8,12,9,4,,10,10,22,5,32,21,17,15,,11,15,17,16,27,8,18,17,11,11,6,16,18
All Damage Done - Most in Game,31070,7312,1329,12225,7317,17767,5498,18972,20296,7841,15446,18372,3802,13055,22996,25073,186,27065,27697,9128,5255,9338,13626,230,8580,9210,25071,4809,19917,15174,22144,22066,1512,9433,11014,13023,17852,16458,9916,10454,11723,10531,11087,15151,12024,14060
Healing Done - Most in Game,17890,9899,,,9883,1000,8035,21,1552,1003,2343,657,239,160,,347,289,4300,,10466,12504,9407,188,17890,8193,,,,3362,,4913,,,1586,1952,,,274,295,45,,364,,9534,,8128
Defensive Assists - Most in Game,36,20,,,25,,,,,,,,,,,,,,,,23,16,,36,17,,,,,,,,,2,,,,,,,,,,,3,27
Offensive Assists - Most in Game,20,12,,,3,,,,,,,,,,,,,,5,,13,15,2,8,,5,,,,5,8,,,,15,,,,,,,,,,11,20
Objective Kills - Most in Game,28,11,,12,8,20,9,15,16,2,20,14,,15,10,14,,16,28,15,10,12,2,,10,6,17,,12,13,18,16,,7,15,18,17,26,2,7,7,10,12,5,13,17
Objective Time - Most in Game,275,134,8,79,207,136,162,165,119,26,131,73,8,141,78,154,,190,156,146,79,211,2,118,97,52,79,17,76,237,259,254,16,92,107,132,195,128,19,48,107,100,96,94,77,265
Multikill - Best,5,,,3,3,3,,4,4,,3,4,,4,3,5,,5,4,,,5,4,,3,,4,,5,3,3,4,,,3,3,4,4,,3,3,3,3,4,4,3
Solo Kills - Most in Game,32,2,,3,,2,3,8,9,,14,5,,6,3,8,,5,8,2,4,6,,,4,,7,,12,4,5,3,,3,6,7,6,11,2,3,9,4,3,,2,6
Time Spent on Fire - Most in Game,95,31,,46,31,,,65,25,51,65,67,27,42,40,36,,50,29,56,52,,,26,20,,37,41,47,25,38,95,,27,15,,45,49,30,48,38,24,,65,,32
Melee Final Blows - Most in Game,6,,,,,,,2,3,,4,,,2,,,,2,,,2,3,,,,,,,,,4,4,,,3,,3,5,,2,,2,2,,,
Environmental Kills - Most in Game,5,,,,,,,,,,4,,,,3,,,,,,,,,,,,,,,,,,,,,,,,,,,,,,,
Kill Streak - Best,27,16,3,22,12,11,9,19,21,5,25,16,11,18,15,22,,15,21,9,11,16,6,2,16,10,18,6,17,13,17,27,2,14,18,18,18,21,5,13,15,12,14,6,19,20
Hero Damage Done - Most in Game,20419,5260,1202,11273,6786,10941,4635,13392,15240,7434,13462,11448,3472,9682,12582,20419,138,17921,15828,8262,4763,6739,2302,230,7861,5386,13429,3977,15935,12406,13479,11468,1410,6005,9003,8409,12219,13123,4937,9318,11592,8222,8565,4273,9410,10105
Barrier Damage Done - Most in Game,11552,,,,,,,,,,,,,,,,,,,,,,,,,,,,,,,,,,,,,,,,,,,,,
Assists - Most in Game,23,19,,,19,,,4,3,,9,2,,2,8,6,,16,5,13,23,10,,13,13,,4,,,4,4,4,,,6,,2,,3,2,4,,,15,,18
Objective Contest Time - Most in Game,275,,,,,,,,,,,,,,,,,,,,,,,,,,,,,,,,,,,,,,,,,,,,,
Recon Assists - Most in Game,10,,,,,,,,,,,,,,,6,,,,,,,,,,,,,,,,,,,,,,,,,10,,,,,
Hero Damage Done - Avg per 10 Min,8314,3509,12286,10907,4194,10053,4075,10084,8840,12436,8409,10877,11270,8214,10032,10641,1511,14114,9817,4382,2906,5919,6600,117,6615,6608,9277,14099,11686,9195,7957,9862,7649,11009,5986,8316,11764,8567,7116,10683,7525,7766,7746,3925,9993,7145
Deaths - Avg per 10 Min,7.01,6.15,10.22,7.04,5.26,8.63,8.0,7.89,5.63,7.77,9.04,8.27,6.71,7.54,6.3,6.63,10.95,6.03,6.75,6.5,5.18,7.45,8.6,6.56,7.41,7.14,7.89,10.64,8.81,6.82,6.4,4.87,12.6,6.03,5.72,6.64,6.72,7.82,12.09,7.82,6.51,6.55,7.41,6.22,4.02,6.21
Eliminations - Avg per 10 Min,20.88,11.18,30.67,21.34,11.22,24.08,18.01,22.76,24.92,14.57,22.29,26.87,20.12,22.43,20.51,22.76,,30.96,20.25,12.8,9.08,18.66,28.67,0.7,18.89,17.68,21.78,21.27,28.99,25.95,20.25,23.69,12.6,26.52,20.35,24.27,27.81,21.98,15.45,29.06,18.94,23.08,18.86,12.17,31.71,18.85
Assists - Avg per 10 min,4.91,12.68,,0.95,17.39,,,1.23,3.01,,4.0,0.28,,0.45,3.66,3.36,,8.04,3.36,5.89,15.47,14.2,,19.23,13.2,,3.81,,,8.73,3.77,3.84,,,5.19,,1.21,,2.01,1.96,4.5,2.42,,15.42,,33.68
Healing Done - Avg per 10 Min,1824,7476,,,8979,923,7966,0.61,186,1854,470,308,796,9.64,,12.9,3159,2990,,6124,10023,6782,538,9387,7866,,,,1908,,4138,,,2058,1093,,,60.79,249,12.57,,57.47,,8052,,6147
Final Blows - Avg per 10 Min,11.62,2.79,,13.07,4.0,11.36,7.67,14.64,11.86,9.71,15.45,16.92,8.38,12.72,10.15,15.24,,16.08,13.37,3.86,3.77,6.44,11.47,0.47,5.93,6.12,12.84,17.73,19.08,15.35,10.45,11.39,4.2,16.27,9.54,12.8,13.44,12.68,10.75,17.32,12.51,10.16,7.32,3.52,15.18,8.05
Time Spent on Fire - Avg per 10 Min,22,5,,21,14,,,32,11,114,35,42,121,16,88,15,,121,6,85,20,,,24,17,,16,198,10,7,9,37,,16,1,,18,41,75,116,52,3,,155,,5
Objective Contest Time - Avg per 10 Min,32,,,,,,,,,,,,,,,,,,,,,,,,,,,,,,,,,,,,,,,,,,,,,
Solo Kills - Avg per 10 Min,2.97,0.5,,1.9,0.63,1.82,2.33,3.21,3.35,0.97,5.03,4.18,1.68,2.83,2.23,3.9,,2.41,4.29,0.41,0.83,1.81,,,1.3,0.34,3.28,3.55,4.59,1.89,2.55,1.3,,4.22,2.44,3.22,2.15,4.83,2.69,3.35,3.84,2.76,1.38,,1.79,1.78
Objective Kills - Avg per 10 Min,6.93,4.04,10.22,7.37,4.78,14.54,7.34,7.58,5.27,2.91,6.17,7.53,1.68,7.72,5.89,7.91,,10.45,6.31,5.08,3.77,6.11,5.73,0.23,5.74,5.1,8.1,,8.9,10.06,6.76,10.2,4.2,8.44,5.76,10.14,11.44,6.17,2.69,6.15,3.5,6.2,8.27,4.6,12.95,8.46
Objective Time - Avg per 10 Min,59,52,81,43,87,93,106,41,84,50,53,51,13,57,63,48,,112,42,52,38,83,7,43,56,42,38,61,58,123,84,135,78,96,31,52,70,40,24,42,22,65,92,67,71,74
Time Played,338495,9660,59,5371,7650,1321,1799,20903,5008,618,32307,6454,358,9952,2955,21534,55,1492,28802,2953,9385,12960,209,2560,3239,1764,8597,169,6540,6682,14813,15650,143,996,16982,6330,8391,24326,893,2147,7193,6966,6965,2218,1343,11780
Games Played,750,22,,13,18,3,3,45,11,2,71,13,1,25,4,51,0,3,63,5,15,30,0,5,7,5,18,0,12,16,31,41,0,2,41,14,18,46,2,6,17,17,17,4,3,27
Games Won,373,11,,6,8,1,2,18,7,,33,6,0,11,4,27,,2,35,2,8,16,0,2,3,,9,,5,14,14,25,,1,20,9,11,16,1,5,9,7,7,2,2,15
Games Lost,377,11,,7,10,2,2,27,3,2,39,8,0,14,0,24,0,1,28,3,7,14,0,3,4,4,9,0,7,3,17,16,0,1,21,6,7,31,1,1,8,9,10,2,1,12
Hero Wins,94,2,,1,3,,,8,,,11,3,0,4,4,7,,2,2,2,8,2,,,2,,2,,1,0,,2,,0,1,,3,8,1,5,4,0,,2,,2
Environmental Kills,72,,,,,,,,,,16,,,,4,,,,2,,,15,,,,2,,,,,19,2,,,2,,,,,,,4,4,,,
Objective Time,33517,841,8,386,1104,205,316,1442,700,51,2870,554,8,938,312,1712,,279,2028,258,597,1793,2,183,301,123,543,17,628,1373,2079,3529,19,159,876,547,973,1629,36,152,267,759,1066,249,159,1443
Eliminations,11782,180,3,191,143,53,54,793,208,15,1200,289,12,372,101,817,,77,972,63,142,403,10,3,102,52,312,6,316,289,500,618,3,44,576,256,389,891,23,104,227,268,219,45,71,370
Hero Damage Done,4690146,56493,1202,97632,53473,22129,12223,351319,73787,12805,452769,117006,6722,136238,49401,381896,138,35103,471253,21567,45461,127849,2302,499,35715,19430,132921,3977,127387,102399,196434,257242,1821,18268,169418,87730,164524,347330,10596,38233,90205,90163,89919,14510,22375,140282
Final Blows,6556,45,,117,51,25,23,510,99,10,832,182,5,211,50,547,,40,642,19,59,139,4,2,32,18,184,5,208,171,258,297,,27,270,135,188,514,16,62,150,118,85,13,34,158
Deaths,3952,99,,63,67,19,24,275,47,8,487,89,4,125,31,238,,15,324,32,81,161,3,28,40,21,113,3,96,76,158,127,3,10,162,70,94,317,18,28,78,76,86,23,9,122
Damage Done,4690146,,,,,,,,,,,,,,,,,,,,,,,,,,,,,,,,,,,,,,,,,,,,,
Objective Kills,3908,65,,66,61,32,22,264,44,3,332,81,,128,29,284,,26,303,25,59,132,2,,31,15,116,,97,112,167,266,,14,163,107,160,250,4,22,42,72,96,17,29,166
Time Spent on Fire,12397,81,,185,183,,,1123,93,117,1875,447,72,258,434,542,,300,294,418,316,,,104,94,,227,56,109,81,219,952,,27,15,,259,1650,112,416,628,38,,572,,100
Melee Final Blows,305,4,,,3,,,9,8,,75,3,,14,2,5,,2,6,,7,33,,,,,,,,,26,16,,,7,,6,50,,4,4,4,5,,,5
Objective Contest Time,4947,,,,,,,,,,,,,,,,,,,,,,,,,,,,,,,,,,,,,,,,,,,,,
Solo Kills,1675,8,,17,8,4,7,112,28,,271,45,,47,11,140,,6,206,2,13,39,,,7,,47,,50,21,63,34,,7,69,34,30,196,4,12,46,32,16,,4,35
Multikills,134,,,,2,,,8,3,,11,8,,7,3,3,,2,15,,,2,,,3,,4,,7,8,,8,,,,5,7,11,,,2,,,,,5
of Match on Fire,4,,,,,,,,,,,,,,,,,,,,,,,,,,,,,,,,,,,,,,,,,,,,,
Recon Assists,104,,,,,,,,,,,,,,,44,,,,,,,,,,,,,,,,,,,,,,,,,60,,,,,
Defensive Assists,1359,174,,,213,,64,,,,,,,,,,,,,,243,173,,66,64,,,,,,,,,6,,,,,,,,,,,10,346
Offensive Assists,1264,119,,,17,,16,,,,,,,,,,,,69,,78,221,2,18,,13,,,,46,121,25,,,251,,,,,,,,,,15,253
Healing Done,1029133,120367,,,114477,2031,23890,21,1554,1909,25324,3317,475,160,,463,289,7437,,30139,156787,146489,188,40057,42467,,,,20801,,6964,,,3415,30927,,,2465,370,45,,667,,29762,,120684
Assists,768,48,,3,47,,,22,4,,68,2,,2,18,25,,20,19,29,242,16,,13,28,,9,,,4,5,14,,,7,,3,,3,7,23,,,57,,29
Cards,228,2,,6,6,2,3,10,6,,14,4,,4,,19,,,16,,2,10,,,,,7,,6,15,11,21,,2,13,7,9,6,,,,6,5,,2,9
Scoped Accuracy - Best in Game,,100,,55,,,,,,,,,49,,,,,,,,,,,,,,,,,,,,,,,,,,,,83,,,,,
Self Healing,,10945,,,14405,2031,4163,,,1696,,,414,,,,,7074,,,,49192,188,4233,10483,,,,20557,,102156,,,2036,,,,37681,,,,,,,,4735
Self Healing - Most in Game,,829,,,1346,1000,,,,1003,,,,,,,,4300,,,,3429,188,1848,1678,,,,3362,,5593,,,1169,,,,1402,,,,,,,,523
Enemies Slept,,124,,,,,,,,,,,,,,,,,,,,,,,,,,,,,,,,,,,,,,,,,,,,
Nano Boost Assists,,32,,,,,,,,,,,,,,,,,,,,,,,,,,,,,,,,,,,,,,,,,,,,
Unscoped Accuracy - Best in Game,,81,,,,,,,,,,,,,,,,,,,,,,,,,,,,,,,,,,,,,,,,,,,,
Enemies Slept - Most in Game,,11,,,,,,,,,,,,,,,,,,,,,,,,,,,,,,,,,,,,,,,,,,,,
Nano Boost Assists - Most in Game,,5,,,,,,,,,,,,,,,,,,,,,,,,,,,,,,,,,,,,,,,,,,,,
Biotic Grenade Kills,,80,,,,,,,,,,,,,,,,,,,,,,,,,,,,,,,,,,,,,,,,,,,,
Damage Amplified,,1323,,,8461,,,,,,,,,,,,,,,1001,,,,2499,,4585,,,,,,,,,,,,,,,,,,,,1876
Damage Amplified - Most in Game,,448,,,1312,,,,,,,,,,,,,,,363,,,,859,,913,,,,,,,,,,,,,,,,,,,,945
Healing Amplified,,6567,,,1507,,,,,,,,,,,,,,,,,,,,,,,,,,,,,,,,,,,,,,,5152,,
Healing Amplified - Most in Game,,631,,,407,,,,,,,,,,,,,,,,,,,,,,,,,,,,,,,,,,,,,,,1784,,
Scoped Accuracy,,56,,43,,,,,,,,,38,,,,,,,,,,,,,,,,,,,,,,,,,,,,50,,,,,
Healing Amplified - Avg per 10 Min,,408,,,118,,,,,,,,,,,,,,,,,,,,,,,,,,,,,,,,,,,,,,,1394,,
Self Healing - Avg per 10 Min,,680,,,1130,923,1388,,,1647,,,694,,,,,2844,,,,2277,538,992,1942,,,,1886,,4138,,,1227,,,,929,,,,,,,,241
Damage Amplified - Avg per 10 Min,,82.16,,,664,,,,,,,,,,,,,,,203,,,,586,,1559,,,,,,,,,,,,,,,,,,,,95.55
Biotic Grenade Kills - Avg per 10 Min,,4.97,,,,,,,,,,,,,,,,,,,,,,,,,,,,,,,,,,,,,,,,,,,,
Nano Boost Assists - Avg per 10 Min,,1.99,,,,,,,,,,,,,,,,,,,,,,,,,,,,,,,,,,,,,,,,,,,,
Enemies Slept - Avg per 10 Min,,7.7,,,,,,,,,,,,,,,,,,,,,,,,,,,,,,,,,,,,,,,,,,,,
Sleep Dart Accuracy,,38,,,,,,,,,,,,,,,,,,,,,,,,,,,,,,,,,,,,,,,,,,,,
Unscoped Accuracy,,46,,,,,,,,,,,,,,,,,,,,,,,,,,,,,,,,,,,,,,,,,,,,
Eliminations - Most in Life,,16,3,22,12,11,9,19,21,5,25,16,11,18,15,22,,15,21,9,11,16,6,2,16,10,18,6,17,13,17,27,2,14,18,18,18,21,5,13,15,12,14,6,19,20
All Damage Done - Most in Life,,4265,1294,6293,5000,4879,1629,8032,7929,4472,7669,6934,3802,6922,10612,11855,186,8936,10383,2101,3626,3766,5355,230,4465,5717,6603,3838,7342,5311,7429,15477,852,7748,5266,7305,8254,8552,4713,5276,6023,5712,5660,4530,8101,7831
Weapon Accuracy - Best in Game,,63,34,60,57,21,,64,27,48,51,36,54,60,36,50,16,48,46,48,46,45,33,72,,28,67,21,43,,35,54,31,35,43,50,40,46,,73,64,64,41,40,22,33
Melee Final Blow - Most in Game,,1,,,1,,,,,,,1,,,1,1,,,1,1,,,,1,1,1,,,1,,,,,,,1,,,,,1,,,1,,1
Hero Damage Done - Most in Life,,2817,1167,5415,3631,3773,1629,5934,7698,4079,6633,4747,3472,5172,6257,9229,138,5722,6680,1852,3214,3061,1224,230,4131,3198,4577,3112,7073,3998,5069,10101,852,4810,4157,5817,5453,7192,1800,4455,4572,4803,4741,1584,5487,6461
Obj Contest Time - Most in Game,,27,8,77,17,,,91,29,26,116,73,,32,70,68,,69,52,119,68,17,,28,24,,15,4,13,5,204,203,3,,,,23,59,17,38,4,24,,38,,21
Obj Contest Time - Avg per 10 Min,,14,81,27,17,,,31,41,37,43,35,,35,41,25,,57,16,46,28,30,,42,23,,14,13,29,11,209,100,22,,,,19,23,23,27,2,61,,15,,36
Melee Final Blows - Avg per 10 Min,,0.25,,,0.24,,,0.26,0.96,,1.39,0.28,,0.84,0.41,0.14,,0.8,0.12,0.2,0.45,1.53,,0.23,0.19,0.34,,,0.09,,1.05,0.61,,,0.25,0.09,0.43,1.23,,1.12,0.33,0.34,0.43,0.27,,0.25
All Damage Done - Avg per 10 Min,,5353,13589,12691,5721,14313,4657,12299,14039,13764,9586,14007,12074,10850,17820,14551,2036,18904,15088,4989,3398,7471,39068,117,7812,11707,14240,17049,14201,11478,11447,14203,8077,16068,7152,12022,15732,9868,10460,11730,8877,9346,10484,11881,12814,10686
Eliminations per Life,,1.82,3,3.03,2.13,2.79,2.25,2.88,4.43,1.88,2.46,3.25,3,2.98,3.26,3.43,,5.13,3,1.97,1.75,2.5,3.33,0.11,2.55,2.48,2.76,2,3.29,3.8,3.16,4.87,,4.4,3.56,3.66,4.14,2.81,1.28,3.71,2.91,3.53,2.55,1.96,7.89,3.03
Win Percentage,,49,,49,43,27,50,40,68,,46,43,42,44,100,53,,64,55,40,54,53,100,31,43,19,49,,42,82,44,62,,50,48,61,61,33,44,80,51,44,44,53,60,57
All Damage Done,,86190,1329,113607,72943,31508,13966,428478,117188,14173,516165,150675,7202,179950,87756,522244,186,47018,724273,24553,53155,161378,13626,499,42177,34422,204023,4809,154804,127824,282608,370455,1923,26664,202437,126824,220014,400087,15575,41977,106419,108512,121709,43919,28691,209787
Obj Contest Time,,54,8,86,45,,,561,55,38,730,248,,157,200,187,,141,93,228,437,33,,28,49,,33,4,24,5,277,366,5,,,,47,553,35,97,12,25,,55,,31
Weapon Accuracy,,26,34,43,30,19,,43,22,46,28,28,41,32,29,30,16,40,27,40,36,32,40,27,,27,45,21,30,,25,49,28,33,34,29,30,34,,60,36,64,32,24,24,26
Offensive Assists - Avg per 10 Min,,7.39,,,1.33,,5.33,,,,,,,,,,,,1.44,,4.99,10.23,5.73,4.22,,4.42,,,,4.13,4.9,0.96,,,8.87,,,,,,,,,,6.7,12.89
Defensive Assists - Avg per 10 Min,,10.81,,,16.71,,21.34,,,,,,,,,,,,,,15.54,8.01,,15.47,11.85,,,,,,,,,3.62,,,,,,,,,,,4.47,17.62
Critical Hit Damage,,,408,,,,,,,,,,,,,,,,,,,,,,,,,,,,,,,,,,,,,,,,,,,
Critical Hit Damage - Most in Game,,,408,,,,,,,,,,,,,,,,,,,,,,,,,,,,,,,,,,,,,,,,,,,
Enemies Ignited,,,4,,,,,,,,,,,,,,,,,,,,,,,,,,,,,,,,,,,,,,,,,,,
Enemies Ignited - Most in Game,,,4,,,,,,,,,,,,,,,,,,,,,,,,,,,,,,,,,,,,,,,,,,,
Enemies Ignited - Avg per 10 Min,,,40.89,,,,,,,,,,,,,,,,,,,,,,,,,,,,,,,,,,,,,,,,,,,
Fan the Flames Accuracy,,,73,,,,,,,,,,,,,,,,,,,,,,,,,,,,,,,,,,,,,,,,,,,
Critical Hit Damage - Avg per 10 Min,,,4166,,,,,,,,,,,,,,,,,,,,,,,,,,,,,,,,,,,,,,,,,,,
Objective Kill - Most in Game,,,1,,,,,,,,,,1,,,,,,,,,,,1,,,,,,,,,1,,,,,,,,,,,,,
Critical Hits - Most in Game,,,4,29,20,14,,32,451,4,133,60,10,23,,25,6,94,,239,30,30,6,,,,,18,254,,218,,23,20,31,,34,223,20,,18,,,,,22
Critical Hits - Most in Life,,,4,9,15,10,,13,311,3,53,31,10,17,,11,6,49,,53,24,14,5,,,,,14,82,,123,,12,12,26,,18,89,,,15,,,,,13
Critical Hits - Avg per 10 Min,,,40.89,14.75,15.45,11.36,,13.23,286,6.8,48.19,41.65,36.88,16.7,90.16,11.34,65.69,79.21,,96.51,10.48,17.59,17.2,0.23,,,,63.82,153,,143,,96.62,33.14,69.64,,17.45,128,28.88,,15.02,,,,,14.06
Game Played,,,1,,,,,,,,,,,,,,,,,,,,,,,,,,,,,,,,,,,,,,,,,,,
Knockback Kill,,,1,,,,,,,,,,,,,,,,,,,,,,,,,,,,,,,,,,,,,,,,,,,
Knockback Kill - Most in Game,,,1,,,,,,,,,,,,,,,,,,,,,,,,,,,,,,,,,,,,,,,,,,,
Knockback Kills - Avg per 10 Min,,,10.22,1.9,,,5.0,,10.06,4.86,18.07,,,,,,,,3.79,,,12.45,,,,,0.49,,,2.78,3.16,,,,,,,,,,,3.45,9.48,,,
Game Lost,,,1,,,,,,,,,,,,,,,,,,,,,,,,,,,,,,,,,,,,,,,,,,,
Death,,,1,,,,,,,,,,,,,,1,,,,,,,,,,,,,,,,,,,,,,,,,,,,,
Objective Kill,,,1,,,,,,,,,,1,,,,,,,,,,,1,,,,,,,,,1,,,,,,,,,,,,,
Critical Hits,,,4,132,197,25,,461,2384,7,2595,448,22,277,444,407,6,197,,475,164,380,6,,,,,18,1672,,3532,,23,55,1971,,244,5206,,,180,,,,,276
Critical Hit Accuracy,,,17,14,10,2,,9,9,9,8,9,9,8,13,12,9,8,,6,16,7,29,4,,,,11,9,,13,,14,7,9,,7,9,,,13,,,,,10
Scoped Critical Hits,,,,103,,,,,,,,,,,,,,,,,,,,,,,,,,,,,,,,,,,,,120,,,,,
Scoped Critical Hits - Most in Game,,,,5,,,,,,,,,,,,,,,,,,,,,,,,,,,,,,,,,,,,,11,,,,,
Dynamite Kills,,,,35,,,,,,,,,,,,,,,,,,,,,,,,,,,,,,,,,,,,,,,,,,
Dynamite Kills - Most in Game,,,,7,,,,,,,,,,,,,,,,,,,,,,,,,,,,,,,,,,,,,,,,,,
Coach Gun Kills,,,,10,,,,,,,,,,,,,,,,,,,,,,,,,,,,,,,,,,,,,,,,,,
Coach Gun Kills - Most in Game,,,,2,,,,,,,,,,,,,,,,,,,,,,,,,,,,,,,,,,,,,,,,,,
Bob Kills,,,,40,,,,,,,,,,,,,,,,,,,,,,,,,,,,,,,,,,,,,,,,,,
Bob Kills - Most in Game,,,,6,,,,,,,,,,,,,,,,,,,,,,,,,,,,,,,,,,,,,,,,,,
Scoped Critical Hit Kills,,,,30,,,,,,,,,,,,,,,,,,,,,,,,,,,,,,,,,,,,,71,,,,,
Long Range Final Blows,,,,11,,,,28,,,,4,,,,18,,,,,,,,,,,,,,,,,,,,,,,,,37,,,,,
Long Range Final Blows - Most in Game,,,,4,,,,4,,,,,,,,4,,,,,,,,,,,,,,,,,,,,,,,,,8,,,,,
Scoped Critical Hit Kills - Avg per 10 Min,,,,3.35,,,,,,,,,,,,,,,,,,,,,,,,,,,,,,,,,,,,,5.92,,,,,
Long Range Final Blows - Avg per 10 Min,,,,3.48,,,,1.57,,,,0.57,,,,2.42,,,,,,,,,,,,,,,,,,4.29,,,,,,,7.24,,,,,
Scoped Critical Hit Accuracy,,,,14,,,,,,,,,,,,,,,,,,,,,,,,,,,,,,,,,,,,,19,,,,,
Bob Kills - Avg per 10 Min,,,,4.47,,,,,,,,,,,,,,,,,,,,,,,,,,,,,,,,,,,,,,,,,,
Dynamite Kills - Avg per 10 Min,,,,3.91,,,,,,,,,,,,,,,,,,,,,,,,,,,,,,,,,,,,,,,,,,
Scoped Critical Hits - Avg per 10 Min,,,,11.51,,,,,,,,,,,,,,,,,,,,,,,,,,,,,,,,,,,,,10.01,,,,,
Coach Gun Kills - Avg per 10 Min,,,,1.12,,,,,,,,,,,,,,,,,,,,,,,,,,,,,,,,,,,,,,,,,,
Assist - Most in Game,,,,1,,,,,,,,,,,,,,,,,,,,,,,,,,,,,,,,,,,,,,1,,,,
Critical Hit Kills - Most in Game,,,,5,2,,,7,,,3,2,,2,,7,,3,,,5,,,,,,,,2,,3,,,,,,2,4,,,11,,,,,2
Critical Hit Kills - Avg per 10 Min,,,,2.85,1.85,,,3.25,,,1.41,0.57,,1.13,1.22,5.65,,1.61,,,1.34,,,,,,,,3.6,,3.01,,,4.29,0.74,,1.21,1.34,,,7.83,,,,,3.48
Knockback Kills,,,,17,,,15,,84,5,973,,,,,,,,182,,,269,,,,,7,,,31,78,,,,,,,,,,,40,110,,,
Knockback Kills - Most in Game,,,,2,,,,,3,4,22,,,,,,,,9,,,,,,,,4,,,,2,,,,,,,,,,,2,,,,
Multikill,,,,1,,1,,,,,,,,,,,,,,,,,1,,,,,,,,1,,,,1,,,,,1,,1,1,1,1,
Critical Hit Kills,,,,9,5,,,58,,,24,4,,5,6,42,,4,,,21,,,,,,,,3,,4,,,,,,3,32,,,40,,,,,3
Amplification Matrix Assists,,,,,17,,,,,,,,,,,,,,,,,,,,,,,,,,,,,,,,,,,,,,,,,
Healing Accuracy - Best in Game,,,,,89,,,,,,,,,,,,,,,,,,,,,,,,,,,,,,,,,,,,,,,,,
Amplification Matrix Assists - Best in Game,,,,,3,,,,,,,,,,,,,,,,,,,,,,,,,,,,,,,,,,,,,,,,,
Immortality Field Deaths Prevented,,,,,27,,,,,,,,,,,,,,,,,,,,,,,,,,,,,,,,,,,,,,,,,
Immortality Field Deaths Prevented - Most in Game,,,,,4,,,,,,,,,,,,,,,,,,,,,,,,,,,,,,,,,,,,,,,,,
Healing Accuracy,,,,,65,,,,,,,,,,,,,,,,,,,,,,,,,,,,,,,,,,,,,,,,,
Amplification Matrix Assists - Avg per 10 Min,,,,,1.33,,,,,,,,,,,,,,,,,,,,,,,,,,,,,,,,,,,,,,,,,
Immortality Field Deaths Prevented - Avg per 10 Min,,,,,2.12,,,,,,,,,,,,,,,,,,,,,,,,,,,,,,,,,,,,,,,,,
Solo Kill - Most in Game,,,,,1,,,,,1,,,1,,,,,,,,,,,,,1,,1,,,,,,,,,,,,,,,,,,
Overhealth Provided,,,,,,,4405,,,,,,,,,,,,,,,,,,,,,,,,,,,,,,,,,,,,,,,
Overhealth Provided - Most in Game,,,,,,,1705,,,,,,,,,,,,,,,,,,,,,,,,,,,,,,,,,,,,,,,
Inspire Uptime Percentage,,,,,,,38,,,,,,,,,,,,,,,,,,,,,,,,,,,,,,,,,,,,,,,
Overhealth Provided - Avg per 10 Min,,,,,,,1469,,,,,,,,,,,,,,,,,,,,,,,,,,,,,,,,,,,,,,,
Deadeye Kills,,,,,,,,104,,,,,,,,,,,,,,,,,,,,,,,,,,,,,,,,,,,,,,
Deadeye Kills - Most in Game,,,,,,,,7,,,,,,,,,,,,,,,,,,,,,,,,,,,,,,,,,,,,,,
Fan the Hammer Kills,,,,,,,,92,,,,,,,,,,,,,,,,,,,,,,,,,,,,,,,,,,,,,,
Fan the Hammer Kills - Most in Game,,,,,,,,12,,,,,,,,,,,,,,,,,,,,,,,,,,,,,,,,,,,,,,
Flashbang Kills,,,,,,,,151,,,,,,,,,,,,,,,,,,,,,,,,,,,,,,,,,,,,,,
Flashbang Kills - Most in Game,,,,,,,,16,,,,,,,,,,,,,,,,,,,,,,,,,,,,,,,,,,,,,,
Flashbang Kills - Avg per 10 Min,,,,,,,,4.33,,,,,,,,,,,,,,,,,,,,,,,,,,,,,,,,,,,,,,
Deadeye Kills - Avg per 10 Min,,,,,,,,2.99,,,,,,,,,,,,,,,,,,,,,,,,,,,,,,,,,,,,,,
Fan the Hammer Kills - Avg per 10 Min,,,,,,,,2.64,,,,,,,,,,,,,,,,,,,,,,,,,,,,,,,,,,,,,,
Self-Destruct Kills,,,,,,,,,25,,,,,,,,,,,,,,,,,,,,,,,,,,,,,,,,,,,,,
Self-Destruct Kills - Most in Game,,,,,,,,,9,,,,,,,,,,,,,,,,,,,,,,,,,,,,,,,,,,,,,
Micro Missile Kills,,,,,,,,,9,,,,,,,,,,,,,,,,,,,,,,,,,,,,,,,,,,,,,
Call Mech Kill,,,,,,,,,1,,,,,,,,,,,,,,,,,,,,,,,,,,,,,,,,,,,,,
Micro Missile Kills - Most in Game,,,,,,,,,5,,,,,,,,,,,,,,,,,,,,,,,,,,,,,,,,,,,,,
Call Mech Kill - Most in Game,,,,,,,,,1,,,,,,,,,,,,,,,,,,,,,,,,,,,,,,,,,,,,,
Self-Destruct Kills - Avg per 10 Min,,,,,,,,,2.99,,,,,,,,,,,,,,,,,,,,,,,,,,,,,,,,,,,,,
Micro Missile Kills - Avg per 10 Min,,,,,,,,,6.78,,,,,,,,,,,,,,,,,,,,,,,,,,,,,,,,,,,,,
Call Mech Kills - Avg per 10 Min,,,,,,,,,2.99,,,,,,,,,,,,,,,,,,,,,,,,,,,,,,,,,,,,,
Environmental Kill,,,,,,,,,1,,,,,,,,,,,,,,,,,,,,,1,,,,,,,,,,,,,,,,
Environmental Kills - Avg per 10 Min,,,,,,,,,0.12,,0.3,,,,0.81,,,,0.04,,,0.69,,,,0.68,,,,0.09,0.77,0.08,,,0.07,,,,,,,0.34,0.34,,,
Panopticon Hit,,,,,,,,,,1,,,,,,,,,,,,,,,,,,,,,,,,,,,,,,,,,,,,
Panopticon Hits - Avg per 10 Min,,,,,,,,,,0.97,,,,,,,,,,,,,,,,,,,,,,,,,,,,,,,,,,,,
Solo Kill,,,,,,,,,,1,,,1,,,,,,,,,,,,,1,,1,,,,,,,,,,,,,,,,,,
Meteor Strike Kills,,,,,,,,,,,148,,,,,,,,,,,,,,,,,,,,,,,,,,,,,,,,,,,
Meteor Strike Kills - Most in Game,,,,,,,,,,,11,,,,,,,,,,,,,,,,,,,,,,,,,,,,,,,,,,,
Overhealth Created,,,,,,,,,,,137027,,,,,,,,,,,,,,,,,,,,,3693,,,,,,,,,,,,,,
Overhealth Created - Most in Game,,,,,,,,,,,3838,,,,,,,,,,,,,,,,,,,,,1106,,,,,,,,,,,,,,
Rocket Punch Kills,,,,,,,,,,,225,,,,,,,,,,,,,,,,,,,,,,,,,,,,,,,,,,,
Seismic Slam Kills,,,,,,,,,,,177,,,,,,,,,,,,,,,,,,,,,,,,,,,,,,,,,,,
Seismic Slam Kills - Most in Game,,,,,,,,,,,18,,,,,,,,,,,,,,,,,,,,,,,,,,,,,,,,,,,
Rocket Punch Kills - Most in Game,,,,,,,,,,,22,,,,,,,,,,,,,,,,,,,,,,,,,,,,,,,,,,,
Overhealth Created - Avg per 10 Min,,,,,,,,,,,2545,,,,,,,,,,,,,,,,,,,,,1013,,,,,,,,,,,,,,
Seismic Slam Kills - Avg per 10 Min,,,,,,,,,,,10.42,,,,,,,,,,,,,,,,,,,,,,,,,,,,,,,,,,,
Rocket Punch Kills - Avg per 10 Min,,,,,,,,,,,13.24,,,,,,,,,,,,,,,,,,,,,,,,,,,,,,,,,,,
Meteor Strike Kills - Avg per 10 Min,,,,,,,,,,,2.75,,,,,,,,,,,,,,,,,,,,,,,,,,,,,,,,,,,
Focusing Beam Kills,,,,,,,,,,,,140,,,,,,,,,,,,,,,,,,,,,,,,,,,,,,,,,,
Focusing Beam Kills - Most in Game,,,,,,,,,,,,16,,,,,,,,,,,,,,,,,,,,,,,,,,,,,,,,,,
Sticky Bombs Kills,,,,,,,,,,,,151,,,,,,,,,,,,,,,,,,,,,,,,,,,,,,,,,,
Sticky Bombs Kills - Most in Game,,,,,,,,,,,,19,,,,,,,,,,,,,,,,,,,,,,,,,,,,,,,,,,
Duplicate Kills,,,,,,,,,,,,50,,,,,,,,,,,,,,,,,,,,,,,,,,,,,,,,,,
Duplicate Kills - Most in Game,,,,,,,,,,,,9,,,,,,,,,,,,,,,,,,,,,,,,,,,,,,,,,,
Sticky Bombs Direct Hits - Most in Game,,,,,,,,,,,,88,,,,,,,,,,,,,,,,,,,,,,,,,,,,,,,,,,
Focusing Beam Accuracy,,,,,,,,,,,,40,,,,,,,,,,,,,,,,,,,,,,,,,,,,,,,,,,
Sticky Bombs Direct Hit Accuracy,,,,,,,,,,,,32,,,,,,,,,,,,,,,,,,,,,,,,,,,,,,,,,,
Focusing Beam Kills - Avg per 10 Min,,,,,,,,,,,,13.01,,,,,,,,,,,,,,,,,,,,,,,,,,,,,,,,,,
Duplicate Kills - Avg per 10 Min,,,,,,,,,,,,4.65,,,,,,,,,,,,,,,,,,,,,,,,,,,,,,,,,,
Sticky Bombs Kills - Avg per 10 Min,,,,,,,,,,,,14.04,,,,,,,,,,,,,,,,,,,,,,,,,,,,,,,,,,
Sticky Bombs Direct Hits - Avg per 10 Min,,,,,,,,,,,,86.46,,,,,,,,,,,,,,,,,,,,,,,,,,,,,,,,,,
Override Protocol Kills - Most in Game,,,,,,,,,,,,,3,,,,,,,,,,,,,,,,,,,,,,,,,,,,,,,,,
Override Protocol Kills,,,,,,,,,,,,,3,,,,,,,,,,,,,,,,,,,,,,,,,,,,,,,,,
Cyber Frag Damage Done,,,,,,,,,,,,,718,,,,,,,,,,,,,,,,,,,,,,,,,,,,,,,,,
Cyber Frag Damage Done - Most in Game,,,,,,,,,,,,,436,,,,,,,,,,,,,,,,,,,,,,,,,,,,,,,,,
Siphon Blaster Damage Done,,,,,,,,,,,,,881,,,,,,,,,,,,,,,,,,,,,,,,,,,,,,,,,
Siphon Blaster Damage Done - Most in Game,,,,,,,,,,,,,526,,,,,,,,,,,,,,,,,,,,,,,,,,,,,,,,,
Override Protocol Kills - Avg per 10 Min,,,,,,,,,,,,,5.03,,,,,,,,,,,,,,,,,,,,,,,,,,,,,,,,,
Siphon Blaster Damage Done - Avg per 10 Min,,,,,,,,,,,,,1476,,,,,,,,,,,,,,,,,,,,,,,,,,,,,,,,,
Cyber Frag Damage Done - Avg per 10 Min,,,,,,,,,,,,,1204,,,,,,,,,,,,,,,,,,,,,,,,,,,,,,,,,
Dragonblade Kills,,,,,,,,,,,,,,69,,,,,,,,,,,,,,,,,,,,,,,,,,,,,,,,
Dragonblade Kills - Most in Game,,,,,,,,,,,,,,10,,,,,,,,,,,,,,,,,,,,,,,,,,,,,,,,
Damage Reflected,,,,,,,,,,,,,,23875,,,,,,,,,,,,,,,,,,,,,,,,,,,,,,,,
Damage Reflected - Most in Game,,,,,,,,,,,,,,2219,,,,,,,,,,,,,,,,,,,,,,,,,,,,,,,,
Swift Strike Resets,,,,,,,,,,,,,,105,,,,,,,,,,,,,,,,,,,,,,,,,,,,,,,,
Swift Strike Resets - Most in Game,,,,,,,,,,,,,,105,,,,,,,,,,,,,,,,,,,,,,,,,,,,,,,,
Dragonblade Kills - Avg per 10 Min,,,,,,,,,,,,,,4.16,,,,,,,,,,,,,,,,,,,,,,,,,,,,,,,,
Damage Reflected - Avg per 10 Min,,,,,,,,,,,,,,1439,,,,,,,,,,,,,,,,,,,,,,,,,,,,,,,,
Swift Strike Resets - Avg per 10 Min NYI,,,,,,,,,,,,,,23.63,,,,,,,,,,,,,,,,,,,,,,,,,,,,,,,,
Downpour Kills,,,,,,,,,,,,,,,10,,,,,,,,,,,,,,,,,,,,,,,,,,,,,,,
Downpour Kills - Most in Game,,,,,,,,,,,,,,,5,,,,,,,,,,,,,,,,,,,,,,,,,,,,,,,
Spike Guard Damage Done,,,,,,,,,,,,,,,5233,,,,,,,,,,,,,,,,,,,,,,,,,,,,,,,
Spike Guard Damage Done - Most in Game,,,,,,,,,,,,,,,1743,,,,,,,,,,,,,,,,,,,,,,,,,,,,,,,
Violent Leap Damage Done,,,,,,,,,,,,,,,10828,,,,,,,,,,,,,,,,,,,,,,,,,,,,,,,
Violent Leap Damage Done - Most in Game,,,,,,,,,,,,,,,2812,,,,,,,,,,,,,,,,,,,,,,,,,,,,,,,
Jagged Wall Assists,,,,,,,,,,,,,,,32,,,,,,,,,,,,,,,,,,,,,,,,,,,,,,,
Spike Guard Damage Done - Avg per 10 Min,,,,,,,,,,,,,,,1063,,,,,,,,,,,,,,,,,,,,,,,,,,,,,,,
Violent Leap Damage Done - Avg per 10 Min,,,,,,,,,,,,,,,2199,,,,,,,,,,,,,,,,,,,,,,,,,,,,,,,
Downpour Kills - Avg per 10 Min,,,,,,,,,,,,,,,2.03,,,,,,,,,,,,,,,,,,,,,,,,,,,,,,,
Dragonstrike Kills,,,,,,,,,,,,,,,,91,,,,,,,,,,,,,,,,,,,,,,,,,,,,,,
Dragonstrike Kills - Most in Game,,,,,,,,,,,,,,,,8,,,,,,,,,,,,,,,,,,,,,,,,,,,,,,
Storm Arrow Kills,,,,,,,,,,,,,,,,246,,,,,,,,,,,,,,,,,,,,,,,,,,,,,,
Storm Arrow Kills - Most in Game,,,,,,,,,,,,,,,,15,,,,,,,,,,,,,,,,,,,,,,,,,,,,,,
Storm Arrow Kills - Avg per 10 Min,,,,,,,,,,,,,,,,6.85,,,,,,,,,,,,,,,,,,,,,,,,,,,,,,
Dragonstrike Kills - Avg per 10 Min,,,,,,,,,,,,,,,,2.54,,,,,,,,,,,,,,,,,,,,,,,,,,,,,,
Recon Assists - Avg per 10 Min,,,,,,,,,,,,,,,,1.23,,,,,,,,,,,,,,,,,,,,,,,,,5.01,,,,,
Lifeline Usage,,,,,,,,,,,,,,,,,21,,,,,,,,,,,,,,,,,,,,,,,,,,,,,
Purr Healing - Avg per 10 Min,,,,,,,,,,,,,,,,,1476,,,,,,,,,,,,,,,,,,,,,,,,,,,,,
Jagged Blade Kills,,,,,,,,,,,,,,,,,,30,,,,,,,,,,,,,,,,,,,,,,,,,,,,
Jagged Blade Kills - Most in Game,,,,,,,,,,,,,,,,,,14,,,,,,,,,,,,,,,,,,,,,,,,,,,,
Jagged Blade Accuracy - Best in Game,,,,,,,,,,,,,,,,,,59,,,,,,,,,,,,,,,,,,,,,,,,,,,,
Carnage Kills,,,,,,,,,,,,,,,,,,30,,,,,,,,,,,,,,,,,,,,,,,,,,,,
Carnage Kills - Most in Game,,,,,,,,,,,,,,,,,,13,,,,,,,,,,,,,,,,,,,,,,,,,,,,
Rampage Kills,,,,,,,,,,,,,,,,,,15,,,,,,,,,,,,,,,,,,,,,,,,,,,,
Rampage Kills - Most in Game,,,,,,,,,,,,,,,,,,12,,,,,,,,,,,,,,,,,,,,,,,,,,,,
Jagged Blade Accuracy,,,,,,,,,,,,,,,,,,47,,,,,,,,,,,,,,,,,,,,,,,,,,,,
Wound Uptime Percentage,,,,,,,,,,,,,,,,,,22,,,,,,,,,,,,,,,,,,,,,,,,,,,,
Rampage Kills - Avg per 10 Min,,,,,,,,,,,,,,,,,,6.03,,,,,,,,,,,,,,,,,,,,,,,,,,,,
Carnage Kills - Avg per 10 Min,,,,,,,,,,,,,,,,,,12.06,,,,,,,,,,,,,,,,,,,,,,,,,,,,
Jagged Blade Kills - Avg per 10 Min,,,,,,,,,,,,,,,,,,12.06,,,,,,,,,,,,,,,,,,,,,,,,,,,,
Enemies Trapped - Most in Game,,,,,,,,,,,,,,,,,,,10,,,,,,,,,,,,,,,,,,,,,,,,,,,
Enemies Trapped,,,,,,,,,,,,,,,,,,,243,,,,,,,,,,,,,,,,,,,,,,,,,,,
RIP-Tire Kills - Most in Game,,,,,,,,,,,,,,,,,,,10,,,,,,,,,,,,,,,,,,,,,,,,,,,
RIP-Tire Kills,,,,,,,,,,,,,,,,,,,190,,,,,,,,,,,,,,,,,,,,,,,,,,,
Concussion Mine Kills,,,,,,,,,,,,,,,,,,,182,,,,,,,,,,,,,,,,,,,,,,,,,,,
Concussion Mine Kills - Most in Game,,,,,,,,,,,,,,,,,,,9,,,,,,,,,,,,,,,,,,,,,,,,,,,
Direct Hit Accuracy,,,,,,,,,,,,,,,,,,,17,,,,,,,,15,,,,,332,,,,,,,,39,,,,17,,
RIP-Tire Kills - Avg per 10 Min,,,,,,,,,,,,,,,,,,,3.96,,,,,,,,,,,,,,,,,,,,,,,,,,,
Concussion Mine Kills - Avg per 10 Min,,,,,,,,,,,,,,,,,,,3.79,,,,,,,,,,,,,,,,,,,,,,,,,,,
Enemies Trapped - Avg per 10 Min,,,,,,,,,,,,,,,,,,,5.06,,,,,,,,,,,,,,,,,,,,,,,,,,,
Orbital Ray Assists - Most in Game,,,,,,,,,,,,,,,,,,,,4,,,,,,,,,,,,,,,,,,,,,,,,,,
Orbital Ray Assists,,,,,,,,,,,,,,,,,,,,6,,,,,,,,,,,,,,,,,,,,,,,,,,
Orbital Ray Assists - Avg per 10 Min,,,,,,,,,,,,,,,,,,,,1.22,,,,,,,,,,,,,,,,,,,,,,,,,,
Melee Final Blow,,,,,,,,,,,,,,,,,,,,1,,,,1,1,1,,,1,,,,,,,1,,,,,,,,1,,
Card,,,,,,,,,,,,,,,,,,,,1,,,,1,1,1,,,,,,,,,,,,,,,1,,,,,
Negative Effects Cleansed - Most in Game,,,,,,,,,,,,,,,,,,,,,17,,,,,,,,,,,,,,,,,,,,,,,,,
Kitsune Rush Assists,,,,,,,,,,,,,,,,,,,,,306,,,,,,,,,,,,,,,,,,,,,,,,,
Kitsune Rush Assists - Most in Game,,,,,,,,,,,,,,,,,,,,,52,,,,,,,,,,,,,,,,,,,,,,,,,
Kunai Kills,,,,,,,,,,,,,,,,,,,,,139,,,,,,,,,,,,,,,,,,,,,,,,,
Kunai Kills - Most in Game,,,,,,,,,,,,,,,,,,,,,19,,,,,,,,,,,,,,,,,,,,,,,,,
Negative Effects Cleansed - Avg per 10 Min,,,,,,,,,,,,,,,,,,,,,4.22,,,,,,,,,,,,,,,,,,,,,,,,,
Kunai Kills - Avg per 10 Min,,,,,,,,,,,,,,,,,,,,,8.89,,,,,,,,,,,,,,,,,,,,,,,,,
Kitsune Rush Assists - Avg per 10 Min,,,,,,,,,,,,,,,,,,,,,19.56,,,,,,,,,,,,,,,,,,,,,,,,,
Sound Barriers Provided,,,,,,,,,,,,,,,,,,,,,,293,,,,,,,,,,,,,,,,,,,,,,,,
Sound Barriers Provided - Most in Game,,,,,,,,,,,,,,,,,,,,,,21,,,,,,,,,,,,,,,,,,,,,,,,
Players Knocked Back,,,,,,,,,,,,,,,,,,,,,,1175,,,,,,,,,,,,,,,,,,,,,,,,
Players Knocked Back - Most in Game,,,,,,,,,,,,,,,,,,,,,,32,,,,,,,,,,,,,,,,,,,,,,,,
Players Knocked Back - Avg per 10 Min,,,,,,,,,,,,,,,,,,,,,,54.4,,,,,,,,,,,,,,,,,,,,,,,,
Speed Boost Usage,,,,,,,,,,,,,,,,,,,,,,1204,,,,,,,,,,,,,,,,,,,,,,,,
Healing Boost Usage,,,,,,,,,,,,,,,,,,,,,,1395,,,,,,,,,,,,,,,,,,,,,,,,
Sound Barriers Provided - Avg per 10 Min,,,,,,,,,,,,,,,,,,,,,,13.56,,,,,,,,,,,,,,,,,,,,,,,,
Enemies Frozen,,,,,,,,,,,,,,,,,,,,,,,4,,,,,,,,,,,,,,,,,,,,,,,
Enemies Frozen - Most in Game,,,,,,,,,,,,,,,,,,,,,,,4,,,,,,,,,,,,,,,,,,,,,,,
Blizzard Kills - Most in Game,,,,,,,,,,,,,,,,,,,,,,,4,,,,,,,,,,,,,,,,,,,,,,,
Blizzard Kills,,,,,,,,,,,,,,,,,,,,,,,4,,,,,,,,,,,,,,,,,,,,,,,
Blizzard Kills - Avg per 10 Min,,,,,,,,,,,,,,,,,,,,,,,11.47,,,,,,,,,,,,,,,,,,,,,,,
Enemies Frozen - Avg per 10 Min,,,,,,,,,,,,,,,,,,,,,,,11.47,,,,,,,,,,,,,,,,,,,,,,,
Blaster Kills,,,,,,,,,,,,,,,,,,,,,,,,3,,,,,,,,,,,,,,,,,,,,,,
Blaster Kills - Most in Game,,,,,,,,,,,,,,,,,,,,,,,,2,,,,,,,,,,,,,,,,,,,,,,
Players Resurrected,,,,,,,,,,,,,,,,,,,,,,,,16,,,,,,,,,,,,,,,,,,,,,,
Players Resurrected - Most in Game,,,,,,,,,,,,,,,,,,,,,,,,10,,,,,,,,,,,,,,,,,,,,,,
Valkyrie Healing Done,,,,,,,,,,,,,,,,,,,,,,,,7446,,,,,,,,,,,,,,,,,,,,,,
Valkyrie Damage Done,,,,,,,,,,,,,,,,,,,,,,,,80,,,,,,,,,,,,,,,,,,,,,,
Valkyrie Damage Done - Most in Game,,,,,,,,,,,,,,,,,,,,,,,,80,,,,,,,,,,,,,,,,,,,,,,
Valkyrie Healing Done - Most in Game,,,,,,,,,,,,,,,,,,,,,,,,684,,,,,,,,,,,,,,,,,,,,,,
Valkyrie Damage Done - Avg per 10 Min,,,,,,,,,,,,,,,,,,,,,,,,118,,,,,,,,,,,,,,,,,,,,,,
Healing Beam Usage,,,,,,,,,,,,,,,,,,,,,,,,59,,,,,,,,,,,,,,,,,,,,,,
Players Resurrected - Avg per 10 Min,,,,,,,,,,,,,,,,,,,,,,,,3.75,,,,,,,,,,,,,,,,,,,,,,
Offensive Beam Usage,,,,,,,,,,,,,,,,,,,,,,,,41,,,,,,,,,,,,,,,,,,,,,,
Blaster Kills - Avg per 10 Min,,,,,,,,,,,,,,,,,,,,,,,,0.7,,,,,,,,,,,,,,,,,,,,,,
Valkyrie Healing Done - Avg per 10 Min,,,,,,,,,,,,,,,,,,,,,,,,11016,,,,,,,,,,,,,,,,,,,,,,
Final Blow - Most in Game,,,,,,,,,,,,,,,,,,,,,,,,1,,,,,,,,,1,,,,,,,,,,,,,
Critical Hit - Most in Game,,,,,,,,,,,,,,,,,,,,,,,,1,,,,,,,,,,,,,,,,,,,,,,
Critical Hit - Most in Life,,,,,,,,,,,,,,,,,,,,,,,,1,,,,,,,,,,,,,,,,,,,,,,
Critical Hit,,,,,,,,,,,,,,,,,,,,,,,,1,,,,,,,,,,,,,,,,,,,,,,
Coalescence Kills,,,,,,,,,,,,,,,,,,,,,,,,,22,,,,,,,,,,,,,,,,,,,,,
Coalescence Kills - Most in Game,,,,,,,,,,,,,,,,,,,,,,,,,7,,,,,,,,,,,,,,,,,,,,,
Coalescence Healing,,,,,,,,,,,,,,,,,,,,,,,,,5067,,,,,,,,,,,,,,,,,,,,,
Coalescence Healing - Most in Game,,,,,,,,,,,,,,,,,,,,,,,,,833,,,,,,,,,,,,,,,,,,,,,
Biotic Orb Kills,,,,,,,,,,,,,,,,,,,,,,,,,20,,,,,,,,,,,,,,,,,,,,,
Biotic Orb Kills - Most in Game,,,,,,,,,,,,,,,,,,,,,,,,,10,,,,,,,,,,,,,,,,,,,,,
Secondary Fire Accuracy,,,,,,,,,,,,,,,,,,,,,,,,,52,,,,,,,,,,,29,,,,,,64,,,,
Biotic Orb Kills  - Avg per 10 Min,,,,,,,,,,,,,,,,,,,,,,,,,9.43,,,,,,,,,,,,,,,,,,,,,
Ally Coalescence Efficiency,,,,,,,,,,,,,,,,,,,,,,,,,28,,,,,,,,,,,,,,,,,,,,,
Coalescence Kills - Avg per 10 Min,,,,,,,,,,,,,,,,,,,,,,,,,4.08,,,,,,,,,,,,,,,,,,,,,
Enemy Coalescence Efficiency,,,,,,,,,,,,,,,,,,,,,,,,,91,,,,,,,,,,,,,,,,,,,,,
Coalescence Healing - Avg per 10 Min,,,,,,,,,,,,,,,,,,,,,,,,,939,,,,,,,,,,,,,,,,,,,,,
Game Won,,,,,,,,,,,,,,,,,,,,,,,,,,1,,,,,,,,,,,,,,,,,,,,
Rocket Direct Hits,,,,,,,,,,,,,,,,,,,,,,,,,,,586,,,,,,,,,,,,,,,,,,,
Barrage Kills,,,,,,,,,,,,,,,,,,,,,,,,,,,59,,,,,,,,,,,,,,,,,,,
Rocket Direct Hits - Most in Game,,,,,,,,,,,,,,,,,,,,,,,,,,,65,,,,,,,,,,,,,,,,,,,
Barrage Kills - Most in Game,,,,,,,,,,,,,,,,,,,,,,,,,,,10,,,,,,,,,,,,,,,,,,,
Airtime Percentage,,,,,,,,,,,,,,,,,,,,,,,,,,,56,,,,,,,,,,,,,,,,,,,
Barrage Kills - Avg per 10 Min,,,,,,,,,,,,,,,,,,,,,,,,,,,4.12,,,,,,,,,,,,,,,,,,,
Rocket Direct Hits - Avg per 10 Min,,,,,,,,,,,,,,,,,,,,,,,,,,,40.9,,,,,,,,,,,,,,,,,,,
Pummel Kills,,,,,,,,,,,,,,,,,,,,,,,,,,,,5,,,,,,,,,,,,,,,,,,
Pummel Kills - Most in Game,,,,,,,,,,,,,,,,,,,,,,,,,,,,5,,,,,,,,,,,,,,,,,,
Ravenous Vortex Kills,,,,,,,,,,,,,,,,,,,,,,,,,,,,2,,,,,,,,,,,,,,,,,,
Ravenous Vortex Kills - Most in Game,,,,,,,,,,,,,,,,,,,,,,,,,,,,2,,,,,,,,,,,,,,,,,,
Annihilation Kills,,,,,,,,,,,,,,,,,,,,,,,,,,,,3,,,,,,,,,,,,,,,,,,
Annihilation Kills - Most in Game,,,,,,,,,,,,,,,,,,,,,,,,,,,,3,,,,,,,,,,,,,,,,,,
Ravenous Vortex Kills - Avg per 10 Min,,,,,,,,,,,,,,,,,,,,,,,,,,,,7.09,,,,,,,,,,,,,,,,,,
Annihilation Kills - Avg per 10 Min,,,,,,,,,,,,,,,,,,,,,,,,,,,,10.64,,,,,,,,,,,,,,,,,,
Pummel Kills - Avg per 10 Min,,,,,,,,,,,,,,,,,,,,,,,,,,,,17.73,,,,,,,,,,,,,,,,,,
Annihilation Efficiency,,,,,,,,,,,,,,,,,,,,,,,,,,,,481,,,,,,,,,,,,,,,,,,
Pummel Accuracy,,,,,,,,,,,,,,,,,,,,,,,,,,,,75,,,,,,,,,,,,,,,,,,
Death Blossom Kills,,,,,,,,,,,,,,,,,,,,,,,,,,,,,73,,,,,,,,,,,,,,,,,
Death Blossom Kills - Most in Game,,,,,,,,,,,,,,,,,,,,,,,,,,,,,11,,,,,,,,,,,,,,,,,
Death Blossom Kills - Avg per 10 Min,,,,,,,,,,,,,,,,,,,,,,,,,,,,,6.7,,,,,,,,,,,,,,,,,
Charge Kills,,,,,,,,,,,,,,,,,,,,,,,,,,,,,,94,,,,,,,,,,,,,,,,
Charge Kills - Most in Game,,,,,,,,,,,,,,,,,,,,,,,,,,,,,,13,,,,,,,,,,,,,,,,
Fire Strike Kills,,,,,,,,,,,,,,,,,,,,,,,,,,,,,,81,,,,,,,,,,,,,,,,
Fire Strike Kills - Most in Game,,,,,,,,,,,,,,,,,,,,,,,,,,,,,,8,,,,,,,,,,,,,,,,
Earthshatter Kills,,,,,,,,,,,,,,,,,,,,,,,,,,,,,,63,,,,,,,,,,,,,,,,
Earthshatter Kills - Most in Game,,,,,,,,,,,,,,,,,,,,,,,,,,,,,,9,,,,,,,,,,,,,,,,
Earthshatter Stuns,,,,,,,,,,,,,,,,,,,,,,,,,,,,,,102,,,,,,,,,,,,,,,,
Charge Kills - Avg per 10 Min,,,,,,,,,,,,,,,,,,,,,,,,,,,,,,8.44,,,,,,,,,,,,,,,,
Fire Strike Accuracy,,,,,,,,,,,,,,,,,,,,,,,,,,,,,,38,,,,,,,,,,,,,,,,
Fire Strike Kills - Avg per 10 Min,,,,,,,,,,,,,,,,,,,,,,,,,,,,,,7.27,,,,,,,,,,,,,,,,
Earthshatter Kills - Avg per 10 Min,,,,,,,,,,,,,,,,,,,,,,,,,,,,,,5.66,,,,,,,,,,,,,,,,
Earthshatter Stuns - Avg per 10 Min,,,,,,,,,,,,,,,,,,,,,,,,,,,,,,9.16,,,,,,,,,,,,,,,,
Whole Hog Kills - Most in Game,,,,,,,,,,,,,,,,,,,,,,,,,,,,,,,5,,,,,,,,,,,,,,,
Whole Hog Kills,,,,,,,,,,,,,,,,,,,,,,,,,,,,,,,78,,,,,,,,,,,,,,,
Chain Hook Accuracy - Best in Game,,,,,,,,,,,,,,,,,,,,,,,,,,,,,,,85,,,,,,,,,,,,,,,
Chain Hook Kills,,,,,,,,,,,,,,,,,,,,,,,,,,,,,,,13,,,,,,,,,,,,,,,
Chain Hook Kills - Avg per 10 Min,,,,,,,,,,,,,,,,,,,,,,,,,,,,,,,9.8,,,,,,,,,,,,,,,
Chain Hook Accuracy,,,,,,,,,,,,,,,,,,,,,,,,,,,,,,,52,,,,,,,,,,,,,,,
Whole Hog Kills - Avg per 10 Min,,,,,,,,,,,,,,,,,,,,,,,,,,,,,,,3.16,,,,,,,,,,,,,,,
Accretion Kills - Most in Game,,,,,,,,,,,,,,,,,,,,,,,,,,,,,,,,7,,,,,,,,,,,,,,
Accretion Kills,,,,,,,,,,,,,,,,,,,,,,,,,,,,,,,,122,,,,,,,,,,,,,,
Gravitic Flux Kills,,,,,,,,,,,,,,,,,,,,,,,,,,,,,,,,70,,,,,,,,,,,,,,
Gravitic Flux Kills - Most in Game,,,,,,,,,,,,,,,,,,,,,,,,,,,,,,,,6,,,,,,,,,,,,,,
Ultimate Negated,,,,,,,,,,,,,,,,,,,,,,,,,,,,,,,,1,,,,,,,,,,,,,,
Ultimate Negated - Most in Game,,,,,,,,,,,,,,,,,,,,,,,,,,,,,,,,1,,,,,,,,,,,,,,
Accretion Kills - Avg per 10 Min,,,,,,,,,,,,,,,,,,,,,,,,,,,,,,,,4.68,,,,,,,,,,,,,,
Accretion Accuracy,,,,,,,,,,,,,,,,,,,,,,,,,,,,,,,,42,,,,,,,,,,,,,,
Gravitic Flux Kills - Avg per 10 Min,,,,,,,,,,,,,,,,,,,,,,,,,,,,,,,,2.68,,,,,,,,,,,,,,
Ultimates Negated - Avg per 10 Min,,,,,,,,,,,,,,,,,,,,,,,,,,,,,,,,0.04,,,,,,,,,,,,,,
Charged Shot Kills - Most in Game,,,,,,,,,,,,,,,,,,,,,,,,,,,,,,,,,2,,,,,,,,,,,,,
Charged Shot Kills,,,,,,,,,,,,,,,,,,,,,,,,,,,,,,,,,2,,,,,,,,,,,,,
Charged Shot Accuracy - Best in Game,,,,,,,,,,,,,,,,,,,,,,,,,,,,,,,,,50,,,,,,,,,,,,,
Charged Shot Kills - Avg per 10 Min,,,,,,,,,,,,,,,,,,,,,,,,,,,,,,,,,8.4,,,,,,,,,,,,,
Charged Shot Accuracy,,,,,,,,,,,,,,,,,,,,,,,,,,,,,,,,,33,,,,,,,,,,,,,
Elimination per Life,,,,,,,,,,,,,,,,,,,,,,,,,,,,,,,,,1,,,,,,,,,,,,,
Final Blow,,,,,,,,,,,,,,,,,,,,,,,,,,,,,,,,,1,,,,,,,,,,,,,
Helix Rocket Kills - Most in Game,,,,,,,,,,,,,,,,,,,,,,,,,,,,,,,,,,5,,,,,,,,,,,,
Helix Rocket Kills,,,,,,,,,,,,,,,,,,,,,,,,,,,,,,,,,,10,,,,,,,,,,,,
Tactical Visor Kills,,,,,,,,,,,,,,,,,,,,,,,,,,,,,,,,,,8,,,,,,,,,,,,
Tactical Visor Kills - Most in Game,,,,,,,,,,,,,,,,,,,,,,,,,,,,,,,,,,4,,,,,,,,,,,,
Long Range Final Blow,,,,,,,,,,,,,,,,,,,,,,,,,,,,,,,,,,1,,,,,,,,,,,,
Long Range Final Blow - Most in Game,,,,,,,,,,,,,,,,,,,,,,,,,,,,,,,,,,1,,,,,,,,,,,,
Tactical Visor Kills - Avg per 10 Min,,,,,,,,,,,,,,,,,,,,,,,,,,,,,,,,,,4.82,,,,,,,,,,,,
Helix Rocket Kills - Avg per 10 Min,,,,,,,,,,,,,,,,,,,,,,,,,,,,,,,,,,6.03,,,,,,,,,,,,
Helix Rocket Accuracy,,,,,,,,,,,,,,,,,,,,,,,,,,,,,,,,,,80,,,,,,,,,,,,
Critical Hit Kill - Most in Game,,,,,,,,,,,,,,,,,,,,,,,,,,,,,,,,,,1,1,,,,,,,,,,,
Critical Hit Kill,,,,,,,,,,,,,,,,,,,,,,,,,,,,,,,,,,1,1,,,,,,,,,,,
Enemies Hacked,,,,,,,,,,,,,,,,,,,,,,,,,,,,,,,,,,,733,,,,,,,,,,,
Enemies Hacked - Most in Game,,,,,,,,,,,,,,,,,,,,,,,,,,,,,,,,,,,44,,,,,,,,,,,
EMP Kills,,,,,,,,,,,,,,,,,,,,,,,,,,,,,,,,,,,7,,,,,,,,,,,
EMP Kills - Most in Game,,,,,,,,,,,,,,,,,,,,,,,,,,,,,,,,,,,6,,,,,,,,,,,
Low Health Teleports,,,,,,,,,,,,,,,,,,,,,,,,,,,,,,,,,,,4,,,,,,,,,,,
Low Health Teleports - Most in Game,,,,,,,,,,,,,,,,,,,,,,,,,,,,,,,,,,,2,,,,,,,,,,,
Virus Kill,,,,,,,,,,,,,,,,,,,,,,,,,,,,,,,,,,,1,,,,,,,,,,,
Virus Kill - Most in Game,,,,,,,,,,,,,,,,,,,,,,,,,,,,,,,,,,,1,,,,,,,,,,,
Virus Kills - Avg per 10 Min,,,,,,,,,,,,,,,,,,,,,,,,,,,,,,,,,,,0.04,,,,,,,,,,,
Low Health Teleports - Avg per 10 Min,,,,,,,,,,,,,,,,,,,,,,,,,,,,,,,,,,,0.14,,,,,,,,,,,
EMP Kills - Avg per 10 Min,,,,,,,,,,,,,,,,,,,,,,,,,,,,,,,,,,,5.19,,,,,,,,,,,
Virus Accuracy,,,,,,,,,,,,,,,,,,,,,,,,,,,,,,,,,,,46,,,,,,,,,,,
Enemies Hacked - Avg per 10 Min,,,,,,,,,,,,,,,,,,,,,,,,,,,,,,,,,,,25.9,,,,,,,,,,,
Sentry Turret Kills,,,,,,,,,,,,,,,,,,,,,,,,,,,,,,,,,,,,110,,,,,,,,,,
Sentry Turret Kills - Most in Game,,,,,,,,,,,,,,,,,,,,,,,,,,,,,,,,,,,,18,,,,,,,,,,
Players Teleported,,,,,,,,,,,,,,,,,,,,,,,,,,,,,,,,,,,,198,,,,,,,,,,
Players Teleported - Most in Game,,,,,,,,,,,,,,,,,,,,,,,,,,,,,,,,,,,,28,,,,,,,,,,
Secondary Direct Hits,,,,,,,,,,,,,,,,,,,,,,,,,,,,,,,,,,,,137,,,,,,,,,,
Players Teleported - Avg per 10 Min,,,,,,,,,,,,,,,,,,,,,,,,,,,,,,,,,,,,18.77,,,,,,,,,,
Sentry Turret Kills - Avg per 10 Min,,,,,,,,,,,,,,,,,,,,,,,,,,,,,,,,,,,,10.43,,,,,,,,,,
Primary Fire Accuracy,,,,,,,,,,,,,,,,,,,,,,,,,,,,,,,,,,,,31,,,,,,59,,,42,
Secondary Direct Hits - Avg per 10 Min,,,,,,,,,,,,,,,,,,,,,,,,,,,,,,,,,,,,12.99,,,,,,,,,,
Turret Kills,,,,,,,,,,,,,,,,,,,,,,,,,,,,,,,,,,,,,207,,,,,,,,,
Turret Kills - Most in Game,,,,,,,,,,,,,,,,,,,,,,,,,,,,,,,,,,,,,22,,,,,,,,,
Molten Core Kills,,,,,,,,,,,,,,,,,,,,,,,,,,,,,,,,,,,,,50,,,,,,,,,
Molten Core Kills - Most in Game,,,,,,,,,,,,,,,,,,,,,,,,,,,,,,,,,,,,,6,,,,,,,,,
Overload Kills,,,,,,,,,,,,,,,,,,,,,,,,,,,,,,,,,,,,,97,,,,,,,,,
Overload Kills - Most in Game,,,,,,,,,,,,,,,,,,,,,,,,,,,,,,,,,,,,,17,,,,,,,,,
Molten Core Kills - Avg per 10 Min,,,,,,,,,,,,,,,,,,,,,,,,,,,,,,,,,,,,,3.58,,,,,,,,,
Turret Kills - Avg per 10 Min,,,,,,,,,,,,,,,,,,,,,,,,,,,,,,,,,,,,,14.8,,,,,,,,,
Pulse Bomb Kills,,,,,,,,,,,,,,,,,,,,,,,,,,,,,,,,,,,,,,123,,,,,,,,
Pulse Bomb Kills - Most in Game,,,,,,,,,,,,,,,,,,,,,,,,,,,,,,,,,,,,,,8,,,,,,,,
Pulse Bombs Attached - Most in Game,,,,,,,,,,,,,,,,,,,,,,,,,,,,,,,,,,,,,,5,,,,,,,,
Pulse Bombs Attached,,,,,,,,,,,,,,,,,,,,,,,,,,,,,,,,,,,,,,85,,,,,,,,
Low Health Recalls,,,,,,,,,,,,,,,,,,,,,,,,,,,,,,,,,,,,,,103,,,,,,,,
Low Health Recalls - Most in Game,,,,,,,,,,,,,,,,,,,,,,,,,,,,,,,,,,,,,,103,,,,,,,,
Low Health Recalls - Avg per 10 Min,,,,,,,,,,,,,,,,,,,,,,,,,,,,,,,,,,,,,,4.3,,,,,,,,
Pulse Bomb Attach Rate,,,,,,,,,,,,,,,,,,,,,,,,,,,,,,,,,,,,,,37,,,,,,,,
Pulse Bomb Kills - Avg per 10 Min,,,,,,,,,,,,,,,,,,,,,,,,,,,,,,,,,,,,,,3.03,,,,,,,,
Pulse Bombs Attached - Avg per 10 Min,,,,,,,,,,,,,,,,,,,,,,,,,,,,,,,,,,,,,,2.1,,,,,,,,
Projected Edge Kill,,,,,,,,,,,,,,,,,,,,,,,,,,,,,,,,,,,,,,,1,,,,,,,
Projected Edge Kill - Most in Game,,,,,,,,,,,,,,,,,,,,,,,,,,,,,,,,,,,,,,,1,,,,,,,
Whirlwind Dash Kills,,,,,,,,,,,,,,,,,,,,,,,,,,,,,,,,,,,,,,,6,,,,,,,
Whirlwind Dash Kills - Most in Game,,,,,,,,,,,,,,,,,,,,,,,,,,,,,,,,,,,,,,,4,,,,,,,
Sundering Blade Kill,,,,,,,,,,,,,,,,,,,,,,,,,,,,,,,,,,,,,,,1,,,,,,,
Sundering Blade Kill - Most in Game,,,,,,,,,,,,,,,,,,,,,,,,,,,,,,,,,,,,,,,1,,,,,,,
Whirlwind Dash Kills - Avg per 10 Min,,,,,,,,,,,,,,,,,,,,,,,,,,,,,,,,,,,,,,,4.03,,,,,,,
Projected Edge Accuracy,,,,,,,,,,,,,,,,,,,,,,,,,,,,,,,,,,,,,,,50,,,,,,,
Sundering Blade Kills - Avg per 10 Min,,,,,,,,,,,,,,,,,,,,,,,,,,,,,,,,,,,,,,,0.67,,,,,,,
Projected Edge Kills - Avg per 10 Min,,,,,,,,,,,,,,,,,,,,,,,,,,,,,,,,,,,,,,,0.67,,,,,,,
Onslaught Uptime Percentage,,,,,,,,,,,,,,,,,,,,,,,,,,,,,,,,,,,,,,,37,,,,,,,
Smart Excavator Direct Hits - Most in Game,,,,,,,,,,,,,,,,,,,,,,,,,,,,,,,,,,,,,,,,70,,,,,,
Drill Dash Kills - Most in Game,,,,,,,,,,,,,,,,,,,,,,,,,,,,,,,,,,,,,,,,8,,,,,,
Drill Dash Kills,,,,,,,,,,,,,,,,,,,,,,,,,,,,,,,,,,,,,,,,28,,,,,,
Burrow Kills,,,,,,,,,,,,,,,,,,,,,,,,,,,,,,,,,,,,,,,,27,,,,,,
Burrow Kills - Most in Game,,,,,,,,,,,,,,,,,,,,,,,,,,,,,,,,,,,,,,,,10,,,,,,
Tectonic Shock Kills,,,,,,,,,,,,,,,,,,,,,,,,,,,,,,,,,,,,,,,,15,,,,,,
Tectonic Shock Kills - Most in Game,,,,,,,,,,,,,,,,,,,,,,,,,,,,,,,,,,,,,,,,5,,,,,,
Shields Created,,,,,,,,,,,,,,,,,,,,,,,,,,,,,,,,,,,,,,,,8776,,,,,,
Shields Created - Most in Game,,,,,,,,,,,,,,,,,,,,,,,,,,,,,,,,,,,,,,,,2458,,,,,,
Shields Created - Avg per 10 Min,,,,,,,,,,,,,,,,,,,,,,,,,,,,,,,,,,,,,,,,2452,,,,,,
Drill Dash Kills - Avg per 10 Min,,,,,,,,,,,,,,,,,,,,,,,,,,,,,,,,,,,,,,,,7.82,,,,,,
Venom Mine Kills,,,,,,,,,,,,,,,,,,,,,,,,,,,,,,,,,,,,,,,,,22,,,,,
Venom Mine Kills - Most in Game,,,,,,,,,,,,,,,,,,,,,,,,,,,,,,,,,,,,,,,,,4,,,,,
Venom Mine Kills - Avg per 10 Min,,,,,,,,,,,,,,,,,,,,,,,,,,,,,,,,,,,,,,,,,1.84,,,,,
Jump Pack Kills,,,,,,,,,,,,,,,,,,,,,,,,,,,,,,,,,,,,,,,,,,82,,,,
Jump Pack Kills - Most in Game,,,,,,,,,,,,,,,,,,,,,,,,,,,,,,,,,,,,,,,,,,11,,,,
Primal Rage Kills,,,,,,,,,,,,,,,,,,,,,,,,,,,,,,,,,,,,,,,,,,34,,,,
Primal Rage Kills - Most in Game,,,,,,,,,,,,,,,,,,,,,,,,,,,,,,,,,,,,,,,,,,5,,,,
Melee Kills,,,,,,,,,,,,,,,,,,,,,,,,,,,,,,,,,,,,,,,,,,53,,,,
Jump Kills,,,,,,,,,,,,,,,,,,,,,,,,,,,,,,,,,,,,,,,,,,82,,,,
Weapon Kills,,,,,,,,,,,,,,,,,,,,,,,,,,,,,,,,,,,,,,,,,,253,,,,
Primal Rage Damage,,,,,,,,,,,,,,,,,,,,,,,,,,,,,,,,,,,,,,,,,,343,,,,
Jump Pack Kills - Avg per 10 Min,,,,,,,,,,,,,,,,,,,,,,,,,,,,,,,,,,,,,,,,,,7.06,,,,
Primal Rage Kills  - Avg per 10 Min,,,,,,,,,,,,,,,,,,,,,,,,,,,,,,,,,,,,,,,,,,2.93,,,,
Assist,,,,,,,,,,,,,,,,,,,,,,,,,,,,,,,,,,,,,,,,,,1,,,,
Adaptive Shielding Created,,,,,,,,,,,,,,,,,,,,,,,,,,,,,,,,,,,,,,,,,,,36900,,,
Piledriver Kills,,,,,,,,,,,,,,,,,,,,,,,,,,,,,,,,,,,,,,,,,,,56,,,
Grappling Claw Kills,,,,,,,,,,,,,,,,,,,,,,,,,,,,,,,,,,,,,,,,,,,54,,,
Minefield Kills,,,,,,,,,,,,,,,,,,,,,,,,,,,,,,,,,,,,,,,,,,,37,,,
Grappling Claw Kills - Most in Game,,,,,,,,,,,,,,,,,,,,,,,,,,,,,,,,,,,,,,,,,,,11,,,
Minefield Kills - Most in Game,,,,,,,,,,,,,,,,,,,,,,,,,,,,,,,,,,,,,,,,,,,7,,,
Piledriver Kills - Most in Game,,,,,,,,,,,,,,,,,,,,,,,,,,,,,,,,,,,,,,,,,,,8,,,
Piledriver Kills - Avg per 10 Min,,,,,,,,,,,,,,,,,,,,,,,,,,,,,,,,,,,,,,,,,,,4.82,,,
Grappling Claw Kills - Avg per 10 Min,,,,,,,,,,,,,,,,,,,,,,,,,,,,,,,,,,,,,,,,,,,4.65,,,
Adaptive Shielding Created - Avg per 10 Min,,,,,,,,,,,,,,,,,,,,,,,,,,,,,,,,,,,,,,,,,,,3179,,,
Minefield Kills - Avg per 10 Min,,,,,,,,,,,,,,,,,,,,,,,,,,,,,,,,,,,,,,,,,,,3.19,,,
Water Staff Direct Hits,,,,,,,,,,,,,,,,,,,,,,,,,,,,,,,,,,,,,,,,,,,,161,,
Water Staff Direct Hits - Most in Game,,,,,,,,,,,,,,,,,,,,,,,,,,,,,,,,,,,,,,,,,,,,54,,
Guardian Wave Kills,,,,,,,,,,,,,,,,,,,,,,,,,,,,,,,,,,,,,,,,,,,,14,,
Tidal Blast Kills,,,,,,,,,,,,,,,,,,,,,,,,,,,,,,,,,,,,,,,,,,,,6,,
Tidal Blast Kills - Most in Game,,,,,,,,,,,,,,,,,,,,,,,,,,,,,,,,,,,,,,,,,,,,2,,
Tidal Blast Kills - Avg per 10 Min,,,,,,,,,,,,,,,,,,,,,,,,,,,,,,,,,,,,,,,,,,,,1.62,,
Guardian Wave Kills - Avg per 10 Min,,,,,,,,,,,,,,,,,,,,,,,,,,,,,,,,,,,,,,,,,,,,3.79,,
Graviton Surge Kills,,,,,,,,,,,,,,,,,,,,,,,,,,,,,,,,,,,,,,,,,,,,,16,
Graviton Surge Kills - Most in Game,,,,,,,,,,,,,,,,,,,,,,,,,,,,,,,,,,,,,,,,,,,,,11,
High Energy Kills - Most in Game,,,,,,,,,,,,,,,,,,,,,,,,,,,,,,,,,,,,,,,,,,,,,18,
High Energy Kills,,,,,,,,,,,,,,,,,,,,,,,,,,,,,,,,,,,,,,,,,,,,,31,
Average Energy - Best in Game,,,,,,,,,,,,,,,,,,,,,,,,,,,,,,,,,,,,,,,,,,,,,39,
Graviton Surge Kills - Avg per 10 Min,,,,,,,,,,,,,,,,,,,,,,,,,,,,,,,,,,,,,,,,,,,,,7.15,
Average Energy,,,,,,,,,,,,,,,,,,,,,,,,,,,,,,,,,,,,,,,,,,,,,27,
High Energy Kills - Avg per 10 Min,,,,,,,,,,,,,,,,,,,,,,,,,,,,,,,,,,,,,,,,,,,,,13.84,
Transcendence Healing - Most in Game,,,,,,,,,,,,,,,,,,,,,,,,,,,,,,,,,,,,,,,,,,,,,,1377
Transcendence Healing,,,,,,,,,,,,,,,,,,,,,,,,,,,,,,,,,,,,,,,,,,,,,,31745
Charged Volley Kills,,,,,,,,,,,,,,,,,,,,,,,,,,,,,,,,,,,,,,,,,,,,,,9
Charged Volley Kills - Most in Game,,,,,,,,,,,,,,,,,,,,,,,,,,,,,,,,,,,,,,,,,,,,,,5
Charged Volley Kills - Avg per 10 Min,,,,,,,,,,,,,,,,,,,,,,,,,,,,,,,,,,,,,,,,,,,,,,10.45
Charged Volley Accuracy,,,,,,,,,,,,,,,,,,,,,,,,,,,,,,,,,,,,,,,,,,,,,,25
Transcendence Efficiency,,,,,,,,,,,,,,,,,,,,,,,,,,,,,,,,,,,,,,,,,,,,,,547
