,all-heroes,ana,anran,ashe,baptiste,bastion,brigitte,cassidy,dva,domina,doomfist,echo,emre,freja,genji,hanzo,illari,jetpack-cat,junker-queen,junkrat,juno,kiriko,lifeweaver,lucio,mauga,mei,mercy,mizuki,moira,orisa,pharah,ramattra,reaper,reinhardt,roadhog,sigma,sierra,sojourn,soldier-76,sombra,symmetra,torbjorn,tracer,vendetta,venture,widowmaker,winston,wrecking-ball,wuyang,zarya,zenyatta
Tank,gold 4,gold 4,gold 4,gold 4,gold 4,gold 4,gold 4,gold 4,gold 4,gold 4,gold 4,gold 4,gold 4,gold 4,gold 4,gold 4,gold 4,gold 4,gold 4,gold 4,gold 4,gold 4,gold 4,gold 4,gold 4,gold 4,gold 4,gold 4,gold 4,gold 4,gold 4,gold 4,gold 4,gold 4,gold 4,gold 4,gold 4,gold 4,gold 4,gold 4,gold 4,gold 4,gold 4,gold 4,gold 4,gold 4,gold 4,gold 4,gold 4,gold 4,gold 4
Damage,platinum 2,platinum 2,platinum 2,platinum 2,platinum 2,platinum 2,platinum 2,platinum 2,platinum 2,platinum 2,platinum 2,platinum 2,platinum 2,platinum 2,platinum 2,platinum 2,platinum 2,platinum 2,platinum 2,platinum 2,platinum 2,platinum 2,platinum 2,platinum 2,platinum 2,platinum 2,platinum 2,platinum 2,platinum 2,platinum 2,platinum 2,platinum 2,platinum 2,platinum 2,platinum 2,platinum 2,platinum 2,platinum 2,platinum 2,platinum 2,platinum 2,platinum 2,platinum 2,platinum 2,platinum 2,platinum 2,platinum 2,platinum 2,platinum 2,platinum 2,platinum 2
Support,diamond 3,diamond 3,diamond 3,diamond 3,diamond 3,diamond 3,diamond 3,diamond 3,diamond 3,diamond 3,diamond 3,diamond 3,diamond 3,diamond 3,diamond 3,diamond 3,diamond 3,diamond 3,diamond 3,diamond 3,diamond 3,diamond 3,diamond 3,diamond 3,diamond 3,diamond 3,diamond 3,diamond 3,diamond 3,diamond 3,diamond 3,diamond 3,diamond 3,diamond 3,diamond 3,diamond 3,diamond 3,diamond 3,diamond 3,diamond 3,diamond 3,diamond 3,diamond 3,diamond 3,diamond 3,diamond 3,diamond 3,diamond 3,diamond 3,diamond 3,diamond 3
Open,,,,,,,,,,,,,,,,,,,,,,,,,,,,,,,,,,,,,,,,,,,,,,,,,,,
Eliminations - Most in Game,40,13,11,11,18,22,3,29,24,12,4,15,19,11,8,13,18,,30,14,11,13,21,11,16,15,2,19,19,18,17,21,14,15,27,23,4,19,15,40,8,3,27,17,8,18,23,11,23,17,15
Final Blows - Most in Game,24,6,8,7,9,13,,17,9,3,,8,9,5,4,7,8,,9,7,3,5,5,2,7,4,,7,6,11,8,6,11,11,17,8,2,7,9,22,4,2,15,11,6,11,11,4,8,7,7
All Damage Done - Most in Game,29101,4590,3845,7066,5767,13576,1533,15339,11464,6304,1723,6481,11564,6978,7178,6450,6857,558,14861,15606,3135,6893,2886,4137,6523,27557,359,8797,8509,13339,8224,6118,9333,12083,14635,16313,1602,11449,14162,12573,6709,1869,9411,12475,4472,6361,12253,8703,9972,13610,5246
Healing Done - Most in Game,14276,7734,,,5292,1009,2437,497,2556,921,371,174,839,365,75,159,5364,425,2097,,3968,11847,8371,2557,1187,1297,14276,13106,6250,,,225,1236,,5775,,,,1688,640,764,,165,405,,,312,,7189,,4257
Defensive Assists - Most in Game,28,13,,,7,,6,,,,,,,,,,,,,,,22,27,3,4,,27,25,18,,,,,,,,,,4,,,,,,,,,,,5,16
Offensive Assists - Most in Game,15,5,,,2,,,,,,,,,,,,4,,,2,,10,,2,5,4,13,,,5,,2,,2,10,,,,,14,,,,,,,,,,5,6
Objective Kills - Most in Game,21,11,2,3,10,10,3,16,15,8,,7,7,8,5,3,8,,21,9,7,11,10,8,9,3,,10,10,13,10,13,3,6,16,13,,12,13,20,4,,12,7,3,7,6,9,14,13,13
Objective Time - Most in Game,335,74,6,19,113,51,22,290,335,22,18,74,92,42,93,70,124,13,255,52,80,148,43,87,98,85,75,191,170,179,130,155,35,311,210,293,7,54,99,95,79,1,83,84,27,44,221,158,9,119,161
Multikill - Best,5,,,,,4,,4,4,3,,,3,,,,3,,3,,,3,4,,5,,,3,3,5,,,4,,4,,,3,3,4,,,3,3,3,,3,,3,3,
Solo Kills - Most in Game,24,2,,3,3,,,7,3,,,2,4,,2,4,2,,,,,,,,,,,,3,2,3,2,6,2,4,,,2,,9,,,10,5,,5,2,,,,
Time Spent on Fire - Most in Game,76,39,15,35,36,37,3,61,33,50,,63,74,55,24,36,37,,51,21,37,44,28,76,44,21,27,51,49,46,44,58,29,64,62,47,15,48,43,62,31,15,58,27,24,39,40,39,32,27,69
Melee Final Blows - Most in Game,5,,,,,,,2,,,,,,2,,,,,3,,,2,,,,,,2,2,,,,,,4,,,,,2,,,5,,,,,,,,
Environmental Kills - Most in Game,2,,,,,,,,,,,,,,,,,,,,,,,,,,,,,,2,,,,,,,,,,,,,,,,,,,,
Kill Streak - Best,21,9,3,11,6,9,2,13,21,12,4,8,13,5,4,8,14,,13,6,5,10,10,11,10,7,1,9,8,11,17,12,8,14,21,16,3,7,6,20,7,3,16,11,6,7,11,6,14,7,8
Hero Damage Done - Most in Game,15298,4261,2860,6464,5017,13576,1533,12991,11317,5064,1433,6239,8641,6392,4330,5918,4841,558,11030,10804,2350,6375,2880,4137,6495,7506,359,7380,8034,9605,8021,5521,6816,10923,12610,15298,1602,10227,10052,12047,4498,1461,8016,6158,4472,6005,11110,7248,9923,12508,5246
Barrier Damage Done - Most in Game,7360,,,,,,,,,,,,,,,,,,,,,,,,,,,,,,,,,,,,,,,,,,,,,,,,,,
Assists - Most in Game,29,15,,3,6,3,5,6,12,,,,3,,,2,10,,12,2,8,25,23,5,7,4,28,22,16,5,3,2,,2,10,3,,2,3,15,,,2,3,,4,2,,22,8,15
Objective Contest Time - Most in Game,335,,,,,,,,,,,,,,,,,,,,,,,,,,,,,,,,,,,,,,,,,,,,,,,,,,
Recon Assists - Most in Game,6,,,,,,,,,,,,,,,,,,,,,,,,,,,,,,,,,,,,,,,,,,,,,6,,,,,
Hero Damage Done - Avg per 10 Min,7181,3412,5607,8283,5600,12735,2850,9066,9239,8091,4278,7774,11504,7330,5388,7646,4836,2476,10064,8859,3755,3259,3280,4539,12111,7427,151,5884,6506,9926,9932,8031,7660,8683,10502,9393,7072,7430,9165,6816,5456,6738,6201,6102,8223,4968,8176,8355,7912,8225,5096
Deaths - Avg per 10 Min,7.45,7.03,7.84,8.08,8.13,9.12,8.02,8.81,6.14,5.7,13.94,10.01,6.41,9.36,8.97,8.51,7.16,17.64,6.91,7.13,6.64,6.99,3.0,8.0,5.86,7.46,8.13,5.43,6.94,6.86,6.58,9.92,9.15,6.89,5.2,5.96,13.25,8.27,9.99,7.32,8.08,9.23,6.76,9.07,10.9,7.99,9.71,6.91,2.95,7.13,8.48
Assists - Avg per 10 min,5.86,11.91,,2.24,7.48,2.78,16.04,1.48,5.07,,1.55,,0.71,0.67,,1.76,6.97,,6.28,1.36,10.43,15.48,23.28,3.5,9.05,3.32,13.9,18.15,9.57,3.1,1.57,0.83,,1.06,5.02,1.46,,0.97,1.71,7.11,0.73,,0.14,2.12,,2.18,1.16,,17.72,4.28,15.9
Eliminations - Avg per 10 Min,15.42,8.69,21.56,11.22,15.93,24.99,5.35,17.26,19.12,17.1,9.3,9.1,23.74,10.7,6.17,13.79,11.62,,18.21,12.9,15.17,8.35,17.28,8.5,25.03,12.44,0.64,14.43,14.97,16.72,17.23,14.88,13.53,12.37,21.51,14.01,17.66,13.38,12.7,20.61,11.01,13.84,17.45,15.73,9.68,11.26,14.37,13.83,17.23,10.27,12.72
Healing Done - Avg per 10 Min,2076,5505,,,4530,952,7515,27.57,329,1552,575,79.18,1006,244,21.02,46.74,4867,2944,1585,,7618,7577,7729,4573,1553,1528,8099,9835,5848,,,93.02,1332,,4668,,,,1415,156,563,,73.36,386,,,161,,5847,,4660
Final Blows - Avg per 10 Min,7.38,2.26,15.68,5.83,7.48,11.5,1.34,10.25,7.31,4.56,3.1,5.46,12.11,6.69,2.24,6.16,4.26,,7.38,5.43,2.84,2.88,4.51,1.0,12.78,3.32,,4.72,4.63,7.42,8.77,4.55,8.36,7.25,11.11,5.12,8.83,5.11,5.71,11.16,3.67,9.23,8.05,10.89,7.26,7.26,5.82,3.46,5.42,4.85,4.5
Time Spent on Fire - Avg per 10 Min,89,56,93,63,106,152,8,95,100,76,,42,134,53,17,85,56,,118,46,115,69,81,53,166,72,50,108,64,102,113,53,75,147,145,106,70,57,75,102,51,86,68,93,68,62,86,76,113,54,98
Objective Contest Time - Avg per 10 Min,40,,,,,,,,,,,,,,,,,,,,,,,,,,,,,,,,,,,,,,,,,,,,,,,,,,
Solo Kills - Avg per 10 Min,1.67,0.24,1.96,2.24,1.95,0.4,,2.63,1.56,,,1.37,3.8,,0.56,2.05,0.97,,0.94,0.34,,0.3,,,,,,0.43,1.23,0.89,2.51,1.24,2.79,0.71,1.06,0.1,4.42,0.49,0.43,3.63,1.47,,2.43,3.33,,2.54,0.78,0.69,,0.29,
Objective Kills - Avg per 10 Min,5.84,4.29,3.92,2.69,7.15,11.9,4.01,6.22,5.66,10.26,,4.1,6.65,6.02,2.8,3.81,5.62,,8.0,6.45,7.58,3.81,7.51,4.5,13.85,2.49,0.21,6.0,6.02,7.64,7.83,8.27,3.18,4.24,9.78,6.9,4.42,6.32,6.85,5.83,3.67,4.61,5.27,5.75,3.63,3.45,5.05,7.61,8.86,7.13,7.95
Objective Time - Avg per 10 Min,71,49,12,16,66,47,58,65,130,29,58,64,38,49,62,49,94,50,201,41,92,71,50,77,127,70,42,82,73,86,60,110,41,201,133,99,30,43,73,36,60,6,42,65,50,18,137,151,9,84,110
Time Played,181595,5038,306,1337,1846,1513,449,25065,6152,526,387,1318,2527,897,2141,2045,3099,170,3823,1767,633,18102,799,1200,1127,723,2805,4199,3888,5419,1915,1451,1508,3394,6808,5741,136,2467,4205,31065,817,130,8873,1984,496,3305,1545,868,1219,2103,2265
Games Played,354,11,,3,3,3,1,48,11,1,1,3,6,1,4,5,4,0,7,3,1,33,1,2,2,1,5,9,7,11,5,4,3,6,15,10,0,4,9,64,1,0,16,3,1,7,3,2,2,4,4
Games Won,178,6,,2,1,,1,22,5,,,1,5,0,0,2,2,,3,1,,15,1,1,1,,1,7,4,4,2,1,1,3,10,5,,,4,40,1,,9,1,,4,1,2,2,2,2
Games Lost,176,5,0,1,1,2,0,27,5,1,1,2,2,1,3,3,2,0,5,2,1,18,0,1,1,1,4,2,3,7,3,2,2,3,5,6,0,3,5,24,0,0,8,2,1,3,2,0,0,2,2
Hero Wins,178,6,,2,1,,1,22,5,,,1,5,0,0,2,2,,3,1,,15,1,1,1,,1,7,4,4,2,1,1,3,10,5,,,4,40,1,,9,1,,4,1,2,2,2,2
Environmental Kills,9,,,,,,,,,,,,,,,,,,,,,,,,,,,,,,2,,,,4,,,,,,,,,,,,,,,,
Melee Final Blows,114,,,,,,,15,,,,,,3,2,,,,5,,,7,,,,,,7,5,3,,,,,20,,,,,15,,,25,,,,,,,,2
Solo Kills,505,2,,5,6,,,110,16,,,3,16,,2,7,5,,6,,,9,,,,,,3,8,8,8,3,7,4,12,,,2,3,188,2,,36,11,,14,2,,,,
Objective Time,21508,415,6,36,202,119,44,2728,1328,25,38,142,158,73,222,168,484,14,1281,122,97,2152,67,154,239,85,196,576,475,772,191,265,104,1137,1507,949,7,177,513,1877,82,1,626,216,41,101,352,218,18,294,414
Eliminations,4666,73,11,25,49,63,4,721,196,15,6,20,100,16,22,47,60,,116,38,16,252,23,17,47,15,3,101,97,151,55,36,34,70,244,134,4,55,89,1067,15,3,258,52,8,62,37,20,35,36,48
Hero Damage Done,2173530,28649,2860,18457,17223,32106,2133,378708,94726,7096,2761,17084,48450,10963,19223,26060,24976,702,64128,26092,3962,98312,4367,9078,22738,8954,704,41183,42156,89652,31702,19424,19251,49122,119152,89869,1602,30547,64233,352922,7431,1461,91697,20175,6793,27366,21058,12084,16071,28833,19235
Final Blows,2235,19,8,13,23,29,,428,75,4,2,12,51,10,8,21,22,,47,16,3,87,6,2,24,4,,33,30,67,28,11,21,41,126,49,2,21,40,578,5,2,119,36,6,40,15,5,11,17,17
Deaths,2255,59,4,18,25,23,6,368,63,5,9,22,27,14,32,29,37,5,44,21,7,211,4,16,11,9,38,38,45,62,21,24,23,39,59,57,3,34,70,379,11,2,100,30,9,44,25,10,6,25,32
Damage Done,2173530,,,,,,,,,,,,,,,,,,,,,,,,,,,,,,,,,,,,,,,,,,,,,,,,,,
Objective Kills,1769,36,2,6,22,30,3,260,58,9,,9,28,9,10,13,29,,51,19,8,115,10,9,26,3,,42,39,69,25,20,8,24,111,66,,26,48,302,5,,78,19,3,19,13,11,18,25,30
Time Spent on Fire,26958,468,47,141,325,384,6,3962,1024,67,,93,566,80,61,291,291,,752,134,122,2079,108,107,312,87,232,758,415,917,360,128,188,832,1646,1009,16,233,525,5280,69,19,1007,307,57,340,220,110,229,188,371
Objective Contest Time,12169,,,,,,,,,,,,,,,,,,,,,,,,,,,,,,,,,,,,,,,,,,,,,,,,,,
Multikills,87,,,,,4,,15,2,,,,,,,,,,2,,,,,,,,,,2,2,,,,,3,,,,,33,,,8,2,,,,,,,
of Match on Fire,15,,,,,,,,,,,,,,,,,,,,,,,,,,,,,,,,,,,,,,,,,,,,,,,,,,
Recon Assists,17,,,,,,,,,,,,,,,4,,,,,,,,,,,,,,,,,,,,,,,,,,,,,,13,,,,,
Defensive Assists,1008,90,,,25,,13,,,,,,,,,,,,,,,467,35,5,9,,55,144,71,,,,,,,,,,18,,,,,,,,,,,11,65
Offensive Assists,718,30,,,6,,,,,,,,,,,,10,,,4,,128,,2,15,4,29,,,28,,2,,6,57,14,,,,355,,,,,,,,,,7,21
Healing Done,628460,46225,,,13933,2400,5622,1152,3372,1361,371,174,4238,365,75,159,25134,835,10101,,8037,228602,10289,9147,2915,1842,37863,68833,37892,,,225,3348,,52960,,,,9916,8064,767,,1085,1278,,,414,,11877,,17589
Assists,1775,100,,5,23,7,12,62,52,,,,3,,,6,36,,40,4,11,467,31,7,17,4,65,127,62,28,5,2,,6,57,14,,4,12,368,,,2,7,,12,3,,36,15,60
Cards,19,,,,,,,,,,,,,,,,,,,,,5,,,,,,5,,,,,,,,,,,,3,,,,,,,,,,,
Scoped Accuracy - Best in Game,,88,,50,,,,,,,,,67,,,,,,,,,,,,,,,,,,,,,,,,,,,,,,,,,64,,,,,
Self Healing,,1801,,,2208,,730,,,1006,,,3622,,,,2947,,10101,,,,340,2236,2486,1842,3037,,11503,,,,3035,,52960,,,,5671,,,,15697,,,,,,,,574
Self Healing - Most in Game,,323,,,917,1009,,,,674,,,,,,,730,,2097,,,,292,514,1007,1297,682,,1999,,,,1073,,5775,,,,967,,,,1837,,,,,,,,368
Enemies Slept,,25,,,,,,,,,,,,,,,,,,,,,,,,,,,,,,,,,,,,,,,,,,,,,,,,,
Nano Boost Assists,,5,,,,,,,,,,,,,,,,,,,,,,,,,,,,,,,,,,,,,,,,,,,,,,,,,
Unscoped Accuracy - Best in Game,,65,,,,,,,,,,,,,,,,,,,,,,,,,,,,,,,,,,,,,,,,,,,,,,,,,
Enemies Slept - Most in Game,,5,,,,,,,,,,,,,,,,,,,,,,,,,,,,,,,,,,,,,,,,,,,,,,,,,
Nano Boost Assists - Most in Game,,2,,,,,,,,,,,,,,,,,,,,,,,,,,,,,,,,,,,,,,,,,,,,,,,,,
Biotic Grenade Kills,,22,,,,,,,,,,,,,,,,,,,,,,,,,,,,,,,,,,,,,,,,,,,,,,,,,
Damage Amplified,,3733,,,1648,,,,,,,,,,,,,,,,99,,,,,,2057,,,,,,,,,,,,,,,,,,,,,,,,3030
Damage Amplified - Most in Game,,1209,,,785,,,,,,,,,,,,,,,,99,,,,,,671,,,,,,,,,,,,,,,,,,,,,,,,784
Healing Amplified,,3765,,,1800,,,,,,,,,,,,,,,,,,,,,,,,,,,,,,,,,,,,,,,,,,,,1507,,
Healing Amplified - Most in Game,,622,,,688,,,,,,,,,,,,,,,,,,,,,,,,,,,,,,,,,,,,,,,,,,,,1060,,
Scoped Accuracy,,48,,41,,,,,,,,,37,,,,,,,,,,,,,,,,,,,,,,,,,,,,,,,,,45,,,,,
Self Healing - Avg per 10 Min,,214,,,718,,976,,,1147,,,860,,,,571,,1585,,,,256,1118,1324,1528,650,,1775,,,,1207,,4668,,,,809,,,,1061,,,,,,,,152
Healing Amplified - Avg per 10 Min,,448,,,585,,,,,,,,,,,,,,,,,,,,,,,,,,,,,,,,,,,,,,,,,,,,742,,
Damage Amplified - Avg per 10 Min,,445,,,536,,,,,,,,,,,,,,,,94.16,,,,,,440,,,,,,,,,,,,,,,,,,,,,,,,803
Nano Boost Assists - Avg per 10 Min,,0.6,,,,,,,,,,,,,,,,,,,,,,,,,,,,,,,,,,,,,,,,,,,,,,,,,
Enemies Slept - Avg per 10 Min,,2.98,,,,,,,,,,,,,,,,,,,,,,,,,,,,,,,,,,,,,,,,,,,,,,,,,
Biotic Grenade Kills - Avg per 10 Min,,2.62,,,,,,,,,,,,,,,,,,,,,,,,,,,,,,,,,,,,,,,,,,,,,,,,,
Sleep Dart Accuracy,,27,,,,,,,,,,,,,,,,,,,,,,,,,,,,,,,,,,,,,,,,,,,,,,,,,
Unscoped Accuracy,,53,,,,,,,,,,,,,,,,,,,,,,,,,,,,,,,,,,,,,,,,,,,,,,,,,
Eliminations - Most in Life,,9,3,11,6,9,2,13,21,12,4,8,13,5,4,8,14,,13,6,5,10,10,11,10,7,,9,8,11,17,12,8,14,21,16,3,7,6,20,7,3,16,11,6,7,11,6,14,7,8
All Damage Done - Most in Life,,2625,1446,6628,1912,7771,1418,7458,10729,4617,1092,3557,6460,3503,2754,2903,4180,220,6783,4777,1514,2857,1635,4137,3816,9694,280,2854,3818,5184,7456,4499,2812,5646,10153,5925,713,3518,6135,6491,2465,1262,6718,3443,2520,2463,5941,3181,6014,4028,1880
Weapon Accuracy - Best in Game,,62,19,62,44,32,,60,47,37,35,40,52,27,30,56,69,40,45,31,50,51,35,44,60,58,29,47,,49,64,44,55,,50,78,22,77,50,64,50,24,44,,91,63,100,43,31,100,39
Hero Damage Done - Most in Life,,1671,868,6454,1587,4265,1418,5391,8436,4022,1092,2729,5133,3019,2187,2863,3635,220,4737,3643,963,2812,1629,4137,3716,2764,140,2416,3243,4543,7312,4044,2347,4806,6064,4764,713,3446,5139,4417,1755,924,4714,2057,2520,2169,4798,2860,5984,4028,1832
Obj Contest Time - Most in Game,,54,6,19,113,47,22,186,335,22,18,24,17,32,30,40,107,5,86,52,80,140,17,81,90,22,25,53,46,179,130,39,30,216,81,123,6,54,64,84,19,1,74,77,18,22,68,60,9,50,161
Obj Contest Time - Avg per 10 Min,,25,12,14,62,42,58,30,84,25,37,26,17,24,25,26,41,22,78,38,87,43,14,49,98,18,16,25,39,69,54,42,29,103,68,69,27,29,41,22,15,6,33,48,39,9,68,72,9,48,83
All Damage Done - Avg per 10 Min,,4066,7538,9474,6231,15753,3788,10504,11045,13217,4727,9052,13395,8788,7133,8756,5793,3069,12571,10803,5230,3877,3285,5105,12786,29390,206,7236,7041,12375,11430,9230,10146,9754,13211,11126,7072,8939,10987,7701,7312,8620,7279,8448,8586,5444,9203,9981,9759,10396,5725
Eliminations per Life,,1.24,2.75,1.39,1.96,2.74,0.67,1.96,3.11,3,0.67,0.91,3.7,1.14,0.69,1.62,1.62,,2.64,1.81,2.29,1.19,5.75,1.06,4.27,1.67,0.08,2.66,2.16,2.44,2.62,1.5,1.48,1.79,4.14,2.35,1.33,1.62,1.27,2.82,1.36,1.5,2.58,1.73,0.89,1.41,1.48,2,5.83,1.44,1.5
Win Percentage,,57,100,63,49,37,61,45,51,,,34,74,8,12,41,47,,38,40,,46,71,43,61,,17,73,54,35,43,40,20,47,69,44,,25,44,63,84,,53,32,,58,42,96,96,58,50
All Damage Done,,34141,3845,21112,19164,39716,2834,438815,113246,11592,3051,19891,56415,13144,25448,29843,29914,870,80101,31818,5517,116967,4373,10211,24005,35435,964,50642,45623,111773,36486,22326,25498,55181,149889,106448,1602,36752,76999,398731,9958,1869,107646,27930,7093,29988,23702,14436,19823,36447,21610
Obj Contest Time,,208,6,32,191,107,44,1251,865,22,24,58,70,36,88,89,214,6,497,113,92,1309,18,98,183,22,74,174,252,624,173,101,73,580,769,660,6,119,284,1114,21,1,482,158,32,49,175,103,18,169,313
Weapon Accuracy,,41,19,43,34,29,,45,33,28,23,31,34,21,23,26,46,32,38,28,44,30,26,30,32,38,12,33,,36,48,26,33,,27,53,22,36,36,35,28,24,32,,50,38,41,40,27,23,25
Offensive Assists - Avg per 10 Min,,3.57,,,1.95,,,,,,,,,,,,1.94,,,1.36,,4.24,,1.0,7.99,3.32,6.2,,,3.1,,0.83,,1.06,5.02,1.46,,,,6.86,,,,,,,,,,2.0,5.56
Defensive Assists - Avg per 10 Min,,10.72,,,8.13,,17.38,,,,,,,,,,,,,,,15.48,26.29,2.5,4.79,,11.76,20.58,10.96,,,,,,,,,,2.57,,,,,,,,,,,3.14,17.22
Critical Hit Damage,,,655,,,,,,,,,,,,,,,,,,,,,,8161,,,,,,,,,,,,,,,,,,,,,,,,,,
Critical Hit Damage - Most in Game,,,655,,,,,,,,,,,,,,,,,,,,,,2681,,,,,,,,,,,,,,,,,,,,,,,,,,
Enemies Ignited,,,9,,,,,,,,,,,,,,,,,,,,,,,,,,,,,,,,,,,,,,,,,,,,,,,,
Enemies Ignited - Most in Game,,,9,,,,,,,,,,,,,,,,,,,,,,,,,,,,,,,,,,,,,,,,,,,,,,,,
Dancing Blaze Kills,,,4,,,,,,,,,,,,,,,,,,,,,,,,,,,,,,,,,,,,,,,,,,,,,,,,
Dancing Blaze Kills - Most in Game,,,4,,,,,,,,,,,,,,,,,,,,,,,,,,,,,,,,,,,,,,,,,,,,,,,,
Ultimate Kill,,,1,,,,,,,,,,,,,,,,,,,,,,,,,,,,,,,,,,,,,,,,,,,,,,,,
Ultimate Kill - Most in Game,,,1,,,,,,,,,,,,,,,,,,,,,,,,,,,,,,,,,,,,,,,,,,,,,,,,
Ultimate Kills - Avg per 10 Min,,,1.96,,,,,,,,,,,,,,,,,,,,,,,,,,,,,,,,,,,,,,,,,,,,,,,,
Enemies Ignited - Avg per 10 Min,,,17.64,,,,,,,,,,,,,,,,,,,,,,,,,,,,,,,,,,,,,,,,,,,,,,,,
Fan the Flames Accuracy,,,31,,,,,,,,,,,,,,,,,,,,,,,,,,,,,,,,,,,,,,,,,,,,,,,,
Critical Hit Damage - Avg per 10 Min,,,1284,,,,,,,,,,,,,,,,,,,,,,4346,,,,,,,,,,,,,,,,,,,,,,,,,,
Dancing Blaze Kills - Avg per 10 Min,,,7.84,,,,,,,,,,,,,,,,,,,,,,,,,,,,,,,,,,,,,,,,,,,,,,,,
Solo Kill - Most in Game,,,1,,,1,,,,,,,,,,,,,1,1,,1,,,,,,1,,,,,,,,1,1,,1,,1,,,,,,,1,,1,
Critical Hits - Most in Game,,,4,20,25,37,,31,452,2,27,36,28,,13,10,13,14,122,,61,19,83,43,138,,,15,,82,,43,122,,301,,16,136,76,104,,2,203,21,,15,,169,,,18
Critical Hits - Most in Life,,,2,12,11,13,,15,368,,21,18,18,,9,5,10,10,56,,37,17,46,43,71,,,7,,49,,32,37,,100,,7,43,20,48,,2,116,,,7,,92,,,6
Critical Hits - Avg per 10 Min,,,7.84,16.6,26.33,28.96,,14.39,362,3.42,77.47,34.13,40.84,16.72,14.29,10.27,9.1,49.38,122,,74.88,10.24,98.4,34.5,249,,0.43,10.57,,78.28,,62.01,125,,158,,70.65,60.08,56.08,49.29,,9.23,113,19.36,,14.52,,233,,,12.98
Game Played,,,1,,,,,,,,,,,,,,,,,,,,,,,,,,,,,,,,,,,,,,,,,,,,,,,,
Game Won,,,1,,,1,,,,,,,,,,,,,,,,,,,,,,,,,,,,,,,,1,,,,,,,,,,,,,
Knockback Kills,,,5,7,,,,,34,2,,,,,,,16,,,4,,,,2,,,,,,,7,,,2,30,,,,,,,,,,,,3,,,,
Knockback Kills - Most in Game,,,5,4,,,,,9,2,,,,,,,5,,,2,,,,2,,,,,,,3,,,,5,,,,,,,,,,,,2,,,,
Hero Win,,,1,,,1,,,,,,,,,,,,,,,,,,,,,,,,,,,,,,,,1,,,,,,,,,,,,,
Knockback Kills - Avg per 10 Min,,,9.8,3.14,,,,,3.32,2.28,1.55,,,,,,3.1,,,1.36,,,,1.0,,,,,,,2.19,,,0.35,2.64,,,,,,,,,,,,1.16,,,,
Solo Kill,,,1,,,1,,,,,,,,,,,,,,1,,,,,,,,,,,,,,,,1,1,,,,,,,,,,,1,,1,
Critical Hits,,,4,37,81,73,,601,3710,3,50,75,172,25,51,35,47,14,775,,79,309,131,69,467,,2,74,,707,,150,313,,1798,,16,247,393,2552,,2,1666,,,80,,337,,,49
Critical Hit Accuracy,,,11,14,11,4,,12,9,7,10,8,14,19,9,13,12,7,13,,5,16,16,14,11,,6,12,,12,,11,8,,14,,13,10,14,10,,13,10,,,16,,14,,,14
Scoped Critical Hits,,,,15,,,,,,,,,,,,,,,,,,,,,,,,,,,,,,,,,,,,,,,,,,48,,,,,
Scoped Critical Hits - Most in Game,,,,3,,,,,,,,,,,,,,,,,,,,,,,,,,,,,,,,,,,,,,,,,,7,,,,,
Dynamite Kills,,,,5,,,,,,,,,,,,,,,,,,,,,,,,,,,,,,,,,,,,,,,,,,,,,,,
Dynamite Kills - Most in Game,,,,2,,,,,,,,,,,,,,,,,,,,,,,,,,,,,,,,,,,,,,,,,,,,,,,
Coach Gun Kills,,,,6,,,,,,,,,,,,,,,,,,,,,,,,,,,,,,,,,,,,,,,,,,,,,,,
Coach Gun Kills - Most in Game,,,,3,,,,,,,,,,,,,,,,,,,,,,,,,,,,,,,,,,,,,,,,,,,,,,,
Bob Kills,,,,3,,,,,,,,,,,,,,,,,,,,,,,,,,,,,,,,,,,,,,,,,,,,,,,
Bob Kills - Most in Game,,,,2,,,,,,,,,,,,,,,,,,,,,,,,,,,,,,,,,,,,,,,,,,,,,,,
Scoped Critical Hit Kills,,,,4,,,,,,,,,,,,,,,,,,,,,,,,,,,,,,,,,,,,,,,,,,26,,,,,
Long Range Final Blows,,,,4,,,,21,,,,,,,,5,,,,,,,,,,,,,,,4,,,,,,,2,2,,,,,,,13,,,,,
Long Range Final Blows - Most in Game,,,,3,,,,3,,,,,,,,3,,,,,,,,,,,,,,,,,,,,,,,,,,,,,,5,,,,,
Scoped Critical Hit Kills - Avg per 10 Min,,,,1.8,,,,,,,,,,,,,,,,,,,,,,,,,,,,,,,,,,,,,,,,,,4.72,,,,,
Long Range Final Blows - Avg per 10 Min,,,,1.8,,,,0.5,,,,,,,,1.47,0.19,,,,,,,,,,,,,,1.25,,,,,,,0.49,0.29,,,,,,,2.36,,,,,
Scoped Critical Hit Accuracy,,,,19,,,,,,,,,,,,,,,,,,,,,,,,,,,,,,,,,,,,,,,,,,27,,,,,
Bob Kills - Avg per 10 Min,,,,1.35,,,,,,,,,,,,,,,,,,,,,,,,,,,,,,,,,,,,,,,,,,,,,,,
Dynamite Kills - Avg per 10 Min,,,,2.24,,,,,,,,,,,,,,,,,,,,,,,,,,,,,,,,,,,,,,,,,,,,,,,
Scoped Critical Hits - Avg per 10 Min,,,,6.73,,,,,,,,,,,,,,,,,,,,,,,,,,,,,,,,,,,,,,,,,,8.71,,,,,
Coach Gun Kills - Avg per 10 Min,,,,2.69,,,,,,,,,,,,,,,,,,,,,,,,,,,,,,,,,,,,,,,,,,,,,,,
Environmental Kill - Most in Game,,,,1,,,,,,,,,,,,,1,,,,,,,,,,,,,,,,,1,1,,,,,,,,,,,,,,,,
Critical Hit Kills - Most in Game,,,,3,,,,6,2,,,,2,,,5,,,2,,,2,2,,2,,,,,3,,,3,,6,,,,2,4,,,3,,,7,,,,,2
Critical Hit Kills - Avg per 10 Min,,,,1.8,0.65,,,1.63,1.07,2.28,1.55,0.46,1.19,0.67,,2.93,0.58,,1.26,,,0.76,1.5,0.5,1.6,,,0.29,,2.1,,,1.59,,2.56,,,0.24,1.14,1.53,,,1.35,,,4.72,,0.69,,,2.12
Environmental Kill,,,,1,,,,,,,,,,,,,1,,,,,,,,,,,,,,,,,1,,,,,,,,,,,,,,,,,
Critical Hit Kills,,,,4,2,,,68,11,2,,,5,,,10,3,,8,,,23,2,,3,,,2,,19,,,4,,29,,,,8,79,,,20,,,26,,,,,8
Environmental Kills - Avg per 10 Min,,,,0.45,,,,,,,,,,,,,0.19,,,,,,,,,,,,,,0.63,,,0.18,0.35,,,,,,,,,,,,,,,,
Amplification Matrix Assists,,,,,6,,,,,,,,,,,,,,,,,,,,,,,,,,,,,,,,,,,,,,,,,,,,,,
Healing Accuracy - Best in Game,,,,,75,,,,,,,,,,,,,,,,,,,,,,,,,,,,,,,,,,,,,,,,,,,,,,
Amplification Matrix Assists - Best in Game,,,,,2,,,,,,,,,,,,,,,,,,,,,,,,,,,,,,,,,,,,,,,,,,,,,,
Immortality Field Deaths Prevented,,,,,9,,,,,,,,,,,,,,,,,,,,,,,,,,,,,,,,,,,,,,,,,,,,,,
Immortality Field Deaths Prevented - Most in Game,,,,,4,,,,,,,,,,,,,,,,,,,,,,,,,,,,,,,,,,,,,,,,,,,,,,
Healing Accuracy,,,,,64,,,,,,,,,,,,,,,,,,,,,,,,,,,,,,,,,,,,,,,,,,,,,,
Amplification Matrix Assists - Avg per 10 Min,,,,,1.95,,,,,,,,,,,,,,,,,,,,,,,,,,,,,,,,,,,,,,,,,,,,,,
Immortality Field Deaths Prevented - Avg per 10 Min,,,,,2.93,,,,,,,,,,,,,,,,,,,,,,,,,,,,,,,,,,,,,,,,,,,,,,
Critical Hit Kill - Most in Game,,,,,1,,,,,1,1,1,,,,,1,,,,,,,1,,,,1,,,,,,,,,,1,,,,,,,,,,1,,,
Artillery Kills,,,,,,6,,,,,,,,,,,,,,,,,,,,,,,,,,,,,,,,,,,,,,,,,,,,,
Artillery Kills - Most in Game,,,,,,2,,,,,,,,,,,,,,,,,,,,,,,,,,,,,,,,,,,,,,,,,,,,,
Recon Kills,,,,,,34,,,,,,,,,,,,,,,,,,,,,,,,,,,,,,,,,,,,,,,,,,,,,
Recon Kills - Most in Game,,,,,,13,,,,,,,,,,,,,,,,,,,,,,,,,,,,,,,,,,,,,,,,,,,,,
Assault Kills,,,,,,32,,,,,,,,,,,,,,,,,,,,,,,,,,,,,,,,,,,,,,,,,,,,,
Tank Kills - Most in Game,,,,,,13,,,,,,,,,,,,,,,,,,,,,,,,,,,,,,,,,,,,,,,,,,,,,
Tactical Grenade Kills,,,,,,20,,,,,,,,,,,,,,,,,,,,,,,,,,,,,,,,,,,,,,,,,,,,,
Tactical Grenade Kills - Most in Game,,,,,,9,,,,,,,,,,,,,,,,,,,,,,,,,,,,,,,,,,,,,,,,,,,,,
Artillery Kills - Avg per 10 Min,,,,,,2.38,,,,,,,,,,,,,,,,,,,,,,,,,,,,,,,,,,,,,,,,,,,,,
Recon Kills - Avg per 10 Min,,,,,,13.49,,,,,,,,,,,,,,,,,,,,,,,,,,,,,,,,,,,,,,,,,,,,,
Tactical Grenade Kills - Avg per 10 Min,,,,,,7.93,,,,,,,,,,,,,,,,,,,,,,,,,,,,,,,,,,,,,,,,,,,,,
Assault Kills - Avg per 10 Min,,,,,,12.69,,,,,,,,,,,,,,,,,,,,,,,,,,,,,,,,,,,,,,,,,,,,,
Overhealth Provided,,,,,,,340,,,,,,,,,,,,,,,,,,,,,,,,,,,,,,,,,,,,,,,,,,,,
Overhealth Provided - Most in Game,,,,,,,340,,,,,,,,,,,,,,,,,,,,,,,,,,,,,,,,,,,,,,,,,,,,
Whipshots Attempted,,,,,,,17,,,,,,,,,,,,,,,,,,,,,,,,,,,,,,,,,,,,,,,,,,,,
Players Knocked Back,,,,,,,8,,,,,,,,,,,,,,,,,20,,,,,,,,,,,,,,,,,,,,,,,,,,,
Inspire Uptime Percentage,,,,,,,22,,,,,,,,,,,,,,,,,,,,,,,,,,,,,,,,,,,,,,,,,,,,
Whipshot Accuracy,,,,,,,29,,,,,,,,,,,,,,,,,,,,,,,,,,,,,,,,,,,,,,,,,,,,
Players Knocked Back - Avg per 10 Min NYI,,,,,,,10.69,,,,,,,,,,,,,,,,,,,,,,,,,,,,,,,,,,,,,,,,,,,,
Overhealth Provided - Avg per 10 Min,,,,,,,454,,,,,,,,,,,,,,,,,,,,,,,,,,,,,,,,,,,,,,,,,,,,
Final Blow - Most in Game,,,,,,,1,,,,1,,,,,,,,,,,,,,,,,,,,,,,,,,,,,,,,,,,,,,,,
Players Knocked Back - Most in Game NYI,,,,,,,3,,,,,,,,,,,,,,,,,,,,,,,,,,,,,,,,,,,,,,,,,,,,
Final Blow,,,,,,,1,,,,,,,,,,,,,,,,,,,,,,,,,,,,,,,,,,,,,,,,,,,,
Deadeye Kills,,,,,,,,82,,,,,,,,,,,,,,,,,,,,,,,,,,,,,,,,,,,,,,,,,,,
Deadeye Kills - Most in Game,,,,,,,,6,,,,,,,,,,,,,,,,,,,,,,,,,,,,,,,,,,,,,,,,,,,
Fan the Hammer Kills,,,,,,,,59,,,,,,,,,,,,,,,,,,,,,,,,,,,,,,,,,,,,,,,,,,,
Fan the Hammer Kills - Most in Game,,,,,,,,9,,,,,,,,,,,,,,,,,,,,,,,,,,,,,,,,,,,,,,,,,,,
Flashbang Kills,,,,,,,,191,,,,,,,,,,,,,,,,,,,,,,,,,,,,,,,,,,,,,,,,,,,
Flashbang Kills - Most in Game,,,,,,,,11,,,,,,,,,,,,,,,,,,,,,,,,,,,,,,,,,,,,,,,,,,,
Flashbang Kills - Avg per 10 Min,,,,,,,,4.57,,,,,,,,,,,,,,,,,,,,,,,,,,,,,,,,,,,,,,,,,,,
Deadeye Kills - Avg per 10 Min,,,,,,,,1.96,,,,,,,,,,,,,,,,,,,,,,,,,,,,,,,,,,,,,,,,,,,
Fan the Hammer Kills - Avg per 10 Min,,,,,,,,1.41,,,,,,,,,,,,,,,,,,,,,,,,,,,,,,,,,,,,,,,,,,,
Melee Final Blows - Avg per 10 Min,,,,,,,,0.36,0.1,,,,0.24,2.01,0.56,,0.19,,0.78,,,0.23,,,,,,1.0,0.77,0.33,,,,,1.76,0.1,4.42,,,0.29,,,1.69,,,,,,,,0.53
Self-Destruct Kills,,,,,,,,,20,,,,,,,,,,,,,,,,,,,,,,,,,,,,,,,,,,,,,,,,,,
Self-Destruct Kills - Most in Game,,,,,,,,,5,,,,,,,,,,,,,,,,,,,,,,,,,,,,,,,,,,,,,,,,,,
Micro Missile Kills,,,,,,,,,54,,,,,,,,,,,,,,,,,,,,,,,,,,,,,,,,,,,,,,,,,,
Call Mech Kills,,,,,,,,,5,,,,,,,,,,,,,,,,,,,,,,,,,,,,,,,,,,,,,,,,,,
Micro Missile Kills - Most in Game,,,,,,,,,9,,,,,,,,,,,,,,,,,,,,,,,,,,,,,,,,,,,,,,,,,,
Call Mech Kill - Most in Game,,,,,,,,,1,,,,,,,,,,,,,,,,,,,,,,,,,,,,,,,,,,,,,,,,,,
Self-Destruct Kills - Avg per 10 Min,,,,,,,,,1.95,,,,,,,,,,,,,,,,,,,,,,,,,,,,,,,,,,,,,,,,,,
Call Mech Kills - Avg per 10 Min,,,,,,,,,1.95,,,,,,,,,,,,,,,,,,,,,,,,,,,,,,,,,,,,,,,,,,
Micro Missile Kills - Avg per 10 Min,,,,,,,,,5.27,,,,,,,,,,,,,,,,,,,,,,,,,,,,,,,,,,,,,,,,,,
Melee Final Blow - Most in Game,,,,,,,,,1,,,,1,,1,,1,,,,,,,,,,,,,1,,,,,,1,1,,,,,,,,,,,,,,1
Melee Final Blow,,,,,,,,,1,,,,1,,,,1,,,,,,,,,,,,,,,,,,,1,1,,,,,,,,,,,,,,
Panopticon Hit,,,,,,,,,,1,,,,,,,,,,,,,,,,,,,,,,,,,,,,,,,,,,,,,,,,,
Panopticon Hits - Avg per 10 Min,,,,,,,,,,1.14,,,,,,,,,,,,,,,,,,,,,,,,,,,,,,,,,,,,,,,,,
Critical Hit - Most in Life,,,,,,,,,,1,,,,,,,,,,,,,,,,,1,,,,,,,,,,,,,,,,,,,,,,,,
Multikill,,,,,,,,,,1,,,1,,,,1,,,,,1,1,,1,,,1,,,,,1,,,,,1,1,,,,,,1,,1,,1,1,
Overhealth Created,,,,,,,,,,,560,,,,,,,,,,,,,,4010,,,,,,,,,,,10090,,,,,,,,,,,,,,,
Overhealth Created - Most in Game,,,,,,,,,,,280,,,,,,,,,,,,,,1340,,,,,,,,,,,1826,,,,,,,,,,,,,,,
Rocket Punch Kill,,,,,,,,,,,1,,,,,,,,,,,,,,,,,,,,,,,,,,,,,,,,,,,,,,,,
Seismic Slam Kills,,,,,,,,,,,3,,,,,,,,,,,,,,,,,,,,,,,,,,,,,,,,,,,,,,,,
Seismic Slam Kills - Most in Game,,,,,,,,,,,2,,,,,,,,,,,,,,,,,,,,,,,,,,,,,,,,,,,,,,,,
Rocket Punch Kill - Most in Game,,,,,,,,,,,1,,,,,,,,,,,,,,,,,,,,,,,,,,,,,,,,,,,,,,,,
Overhealth Created - Avg per 10 Min,,,,,,,,,,,868,,,,,,,,,,,,,,2136,,,,,,,,,,,1055,,,,,,,,,,,,,,,
Rocket Punch Kills - Avg per 10 Min,,,,,,,,,,,1.55,,,,,,,,,,,,,,,,,,,,,,,,,,,,,,,,,,,,,,,,
Seismic Slam Kills - Avg per 10 Min,,,,,,,,,,,4.65,,,,,,,,,,,,,,,,,,,,,,,,,,,,,,,,,,,,,,,,
Assist - Most in Game,,,,,,,,,,,1,,,1,,,,,,,,,,,,,,,,,,,,,,,,,,,1,,,,,,,,,,
Knockback Kill,,,,,,,,,,,1,,,,,,,,,,,,,,,,,,,,,,,,,,,,,,,,,,,,,,,,
Knockback Kill - Most in Game,,,,,,,,,,,1,,,,,,,,,,,,,,,,,,,,,,,1,,,,,,,,,,,,,,,,,
Critical Hit Kill,,,,,,,,,,,1,1,,1,,,,,,,,,,1,,,,,,,,,,,,,,1,,,,,,,,,,1,,,
Assist,,,,,,,,,,,1,,,1,,,,,,,,,,,,,,,,,,,,,,,,,,,1,,,,,,,,,,
Focusing Beam Kills,,,,,,,,,,,,8,,,,,,,,,,,,,,,,,,,,,,,,,,,,,,,,,,,,,,,
Focusing Beam Kills - Most in Game,,,,,,,,,,,,7,,,,,,,,,,,,,,,,,,,,,,,,,,,,,,,,,,,,,,,
Sticky Bombs Kills,,,,,,,,,,,,5,,,,,,,,,,,,,,,,,,,,,,,,,,,,,,,,,,,,,,,
Sticky Bombs Kills - Most in Game,,,,,,,,,,,,3,,,,,,,,,,,,,,,,,,,,,,,,,,,,,,,,,,,,,,,
Duplicate Kills,,,,,,,,,,,,7,,,,,,,,,,,,,,,,,,,,,,,,,,,,,,,,,,,,,,,
Duplicate Kills - Most in Game,,,,,,,,,,,,6,,,,,,,,,,,,,,,,,,,,,,,,,,,,,,,,,,,,,,,
Sticky Bombs Direct Hits - Most in Game,,,,,,,,,,,,47,,,,,,,,,,,,,,,,,,,,,,,,,,,,,,,,,,,,,,,
Focusing Beam Accuracy,,,,,,,,,,,,28,,,,,,,,,,,,,,,,,,,,,,,,,,,,,,,,,,,,,,,
Sticky Bombs Direct Hit Accuracy,,,,,,,,,,,,26,,,,,,,,,,,,,,,,,,,,,,,,,,,,,,,,,,,,,,,
Focusing Beam Kills - Avg per 10 Min,,,,,,,,,,,,3.64,,,,,,,,,,,,,,,,,,,,,,,,,,,,,,,,,,,,,,,
Duplicate Kills - Avg per 10 Min,,,,,,,,,,,,3.19,,,,,,,,,,,,,,,,,,,,,,,,,,,,,,,,,,,,,,,
Sticky Bombs Kills - Avg per 10 Min,,,,,,,,,,,,2.28,,,,,,,,,,,,,,,,,,,,,,,,,,,,,,,,,,,,,,,
Sticky Bombs Direct Hits - Avg per 10 Min,,,,,,,,,,,,49.6,,,,,,,,,,,,,,,,,,,,,,,,,,,,,,,,,,,,,,,
Card,,,,,,,,,,,,1,,,,,,,,,,,,,,,,,,1,,,1,,1,,,,,,,,,,1,1,,,,,
Override Protocol Kills - Most in Game,,,,,,,,,,,,,4,,,,,,,,,,,,,,,,,,,,,,,,,,,,,,,,,,,,,,
Override Protocol Kills,,,,,,,,,,,,,18,,,,,,,,,,,,,,,,,,,,,,,,,,,,,,,,,,,,,,
Cyber Frag Damage Done,,,,,,,,,,,,,8948,,,,,,,,,,,,,,,,,,,,,,,,,,,,,,,,,,,,,,
Cyber Frag Damage Done - Most in Game,,,,,,,,,,,,,1917,,,,,,,,,,,,,,,,,,,,,,,,,,,,,,,,,,,,,,
Siphon Blaster Damage Done,,,,,,,,,,,,,6969,,,,,,,,,,,,,,,,,,,,,,,,,,,,,,,,,,,,,,
Siphon Blaster Damage Done - Most in Game,,,,,,,,,,,,,1364,,,,,,,,,,,,,,,,,,,,,,,,,,,,,,,,,,,,,,
Override Protocol Kills - Avg per 10 Min,,,,,,,,,,,,,4.27,,,,,,,,,,,,,,,,,,,,,,,,,,,,,,,,,,,,,,
Siphon Blaster Damage Done - Avg per 10 Min,,,,,,,,,,,,,1655,,,,,,,,,,,,,,,,,,,,,,,,,,,,,,,,,,,,,,
Cyber Frag Damage Done - Avg per 10 Min,,,,,,,,,,,,,2125,,,,,,,,,,,,,,,,,,,,,,,,,,,,,,,,,,,,,,
Take Aim Kills,,,,,,,,,,,,,,8,,,,,,,,,,,,,,,,,,,,,,,,,,,,,,,,,,,,,
Take Aim Kills - Most in Game,,,,,,,,,,,,,,5,,,,,,,,,,,,,,,,,,,,,,,,,,,,,,,,,,,,,
Bola Shot Damage Done,,,,,,,,,,,,,,1151,,,,,,,,,,,,,,,,,,,,,,,,,,,,,,,,,,,,,
Bola Shot Damage Done - Most in Game,,,,,,,,,,,,,,756,,,,,,,,,,,,,,,,,,,,,,,,,,,,,,,,,,,,,
Bonus Ult Charge Gained,,,,,,,,,,,,,,50,,,,,,,,,,,,,,,,,,,,,,,,,,,,,,,,,,,,,
Bonus Ult Charge Gained - Most in Game,,,,,,,,,,,,,,25,,,,,,,,,,,,,,,,,,,,,,,,,,,,,,,,,,,,,
Take Aim Accuracy,,,,,,,,,,,,,,24,,,,,,,,,,,,,,,,,,,,,,,,,,,,,,,,,,,,,
Take Aim Kills - Avg per 10 Min,,,,,,,,,,,,,,5.35,,,,,,,,,,,,,,,,,,,,,,,,,,,,,,,,,,,,,
Bola Shot Damage Done - Avg per 10 Min,,,,,,,,,,,,,,769,,,,,,,,,,,,,,,,,,,,,,,,,,,,,,,,,,,,,
Bonus Ult Charge Gained - Avg per 10 Min,,,,,,,,,,,,,,0.33,,,,,,,,,,,,,,,,,,,,,,,,,,,,,,,,,,,,,
Dragonblade Kills,,,,,,,,,,,,,,,2,,,,,,,,,,,,,,,,,,,,,,,,,,,,,,,,,,,,
Dragonblade Kills - Most in Game,,,,,,,,,,,,,,,2,,,,,,,,,,,,,,,,,,,,,,,,,,,,,,,,,,,,
Damage Reflected,,,,,,,,,,,,,,,3372,,,,,,,,,,,,,,,,,,,,,,,,,,,,,,,,,,,,
Damage Reflected - Most in Game,,,,,,,,,,,,,,,961,,,,,,,,,,,,,,,,,,,,,,,,,,,,,,,,,,,,
Swift Strike Resets,,,,,,,,,,,,,,,14,,,,,,,,,,,,,,,,,,,,,,,,,,,,,,,,,,,,
Swift Strike Resets - Most in Game,,,,,,,,,,,,,,,14,,,,,,,,,,,,,,,,,,,,,,,,,,,,,,,,,,,,
Dragonblade Kills - Avg per 10 Min,,,,,,,,,,,,,,,0.56,,,,,,,,,,,,,,,,,,,,,,,,,,,,,,,,,,,,
Damage Reflected - Avg per 10 Min,,,,,,,,,,,,,,,945,,,,,,,,,,,,,,,,,,,,,,,,,,,,,,,,,,,,
Swift Strike Resets - Avg per 10 Min NYI,,,,,,,,,,,,,,,3.92,,,,,,,,,,,,,,,,,,,,,,,,,,,,,,,,,,,,
Dragonstrike Kills,,,,,,,,,,,,,,,,3,,,,,,,,,,,,,,,,,,,,,,,,,,,,,,,,,,,
Dragonstrike Kill - Most in Game,,,,,,,,,,,,,,,,1,,,,,,,,,,,,,,,,,,,,,,,,,,,,,,,,,,,
Storm Arrow Kills,,,,,,,,,,,,,,,,26,,,,,,,,,,,,,,,,,,,,,,,,,,,,,,,,,,,
Storm Arrow Kills - Most in Game,,,,,,,,,,,,,,,,7,,,,,,,,,,,,,,,,,,,,,,,,,,,,,,,,,,,
Storm Arrow Kills - Avg per 10 Min,,,,,,,,,,,,,,,,7.63,,,,,,,,,,,,,,,,,,,,,,,,,,,,,,,,,,,
Dragonstrike Kills - Avg per 10 Min,,,,,,,,,,,,,,,,0.88,,,,,,,,,,,,,,,,,,,,,,,,,,,,,,,,,,,
Recon Assist - Most in Game,,,,,,,,,,,,,,,,1,,,,,,,,,,,,,,,,,,,,,,,,,,,,,,,,,,,
Recon Assists - Avg per 10 Min,,,,,,,,,,,,,,,,1.17,,,,,,,,,,,,,,,,,,,,,,,,,,,,,,2.36,,,,,
Long Range Final Blow,,,,,,,,,,,,,,,,,1,,,,,,,,,,,,,,,,,,,,,,,,,,,,,,,,,,
Long Range Final Blow - Most in Game,,,,,,,,,,,,,,,,,1,,,,,,,,,,,,,,1,,,,,,,1,1,,,,,,,,,,,,
Pylon Healing,,,,,,,,,,,,,,,,,13774,,,,,,,,,,,,,,,,,,,,,,,,,,,,,,,,,,
Sunstruck Detonations,,,,,,,,,,,,,,,,,12,,,,,,,,,,,,,,,,,,,,,,,,,,,,,,,,,,
Ultimate Damage,,,,,,,,,,,,,,,,,2545,,,,,,,,,,,,,,,,,,,,,,,,,,,,,,,,,,
Pylon Healing - Most in Game,,,,,,,,,,,,,,,,,3589,,,,,,,,,,,,,,,,,,,,,,,,,,,,,,,,,,
Captive Sun Damage - Most in Game,,,,,,,,,,,,,,,,,963,,,,,,,,,,,,,,,,,,,,,,,,,,,,,,,,,,
Sunstruck Detonations - Most in Game,,,,,,,,,,,,,,,,,3,,,,,,,,,,,,,,,,,,,,,,,,,,,,,,,,,,
Secondary Fire Accuracy,,,,,,,,,,,,,,,,,42,,,,,,,,,,,,53,,,,,,,,,,,,28,,,,,,40,,,22,
Pylon Healing - Avg per 10 Min,,,,,,,,,,,,,,,,,2667,,,,,,,,,,,,,,,,,,,,,,,,,,,,,,,,,,
Pylon Uptime Percentage,,,,,,,,,,,,,,,,,42,,,,,,,,,,,,,,,,,,,,,,,,,,,,,,,,,,
Captive Sun Damage - Avg per 10 Min,,,,,,,,,,,,,,,,,493,,,,,,,,,,,,,,,,,,,,,,,,,,,,,,,,,,
Primary Fire Accuracy,,,,,,,,,,,,,,,,,46,,,,,,,,,,,,,,,,,,,,,,,,31,,,,,,50,,,45,
Sunstruck Detonations - Avg per 10 Min,,,,,,,,,,,,,,,,,2.32,,,,,,,,,,,,,,,,,,,,,,,,,,,,,,,,,,
Lifeline Healing,,,,,,,,,,,,,,,,,,36,,,,,,,,,,,,,,,,,,,,,,,,,,,,,,,,,
Lifeline Usage,,,,,,,,,,,,,,,,,,12,,,,,,,,,,,,,,,,,,,,,,,,,,,,,,,,,
Purr Healing - Avg per 10 Min,,,,,,,,,,,,,,,,,,1154,,,,,,,,,,,,,,,,,,,,,,,,,,,,,,,,,
Lifeline Healing - Avg per 10 Min,,,,,,,,,,,,,,,,,,126,,,,,,,,,,,,,,,,,,,,,,,,,,,,,,,,,
Jagged Blade Kills,,,,,,,,,,,,,,,,,,,28,,,,,,,,,,,,,,,,,,,,,,,,,,,,,,,,
Jagged Blade Kills - Most in Game,,,,,,,,,,,,,,,,,,,7,,,,,,,,,,,,,,,,,,,,,,,,,,,,,,,,
Jagged Blade Accuracy - Best in Game,,,,,,,,,,,,,,,,,,,45,,,,,,,,,,,,,,,,,,,,,,,,,,,,,,,,
Carnage Kills,,,,,,,,,,,,,,,,,,,17,,,,,,,,,,,,,,,,,,,,,,,,,,,,,,,,
Carnage Kills - Most in Game,,,,,,,,,,,,,,,,,,,4,,,,,,,,,,,,,,,,,,,,,,,,,,,,,,,,
Rampage Kills,,,,,,,,,,,,,,,,,,,16,,,,,,,,,,,,,,,,,,,,,,,,,,,,,,,,
Rampage Kills - Most in Game,,,,,,,,,,,,,,,,,,,7,,,,,,,,,,,,,,,,,,,,,,,,,,,,,,,,
Jagged Blade Accuracy,,,,,,,,,,,,,,,,,,,36,,,,,,,,,,,,,,,,,,,,,,,,,,,,,,,,
Wound Uptime Percentage,,,,,,,,,,,,,,,,,,,14,,,,,,,,,,,,,,,,,,,,,,,,,,,,,,,,
Carnage Kills - Avg per 10 Min,,,,,,,,,,,,,,,,,,,2.67,,,,,,,,,,,,,,,,,,,,,,,,,,,,,,,,
Jagged Blade Kills - Avg per 10 Min,,,,,,,,,,,,,,,,,,,4.39,,,,,,,,,,,,,,,,,,,,,,,,,,,,,,,,
Rampage Kills - Avg per 10 Min,,,,,,,,,,,,,,,,,,,2.51,,,,,,,,,,,,,,,,,,,,,,,,,,,,,,,,
Enemies Trapped - Most in Game,,,,,,,,,,,,,,,,,,,,12,,,,,,,,,,,,,,,,,,,,,,,,,,,,,,,
Enemies Trapped,,,,,,,,,,,,,,,,,,,,22,,,,,,,,,,,,,,,,,,,,,,,,,,,,,,,
RIP-Tire Kills - Most in Game,,,,,,,,,,,,,,,,,,,,3,,,,,,,,,,,,,,,,,,,,,,,,,,,,,,,
RIP-Tire Kills,,,,,,,,,,,,,,,,,,,,4,,,,,,,,,,,,,,,,,,,,,,,,,,,,,,,
Concussion Mine Kills,,,,,,,,,,,,,,,,,,,,4,,,,,,,,,,,,,,,,,,,,,,,,,,,,,,,
Concussion Mine Kills - Most in Game,,,,,,,,,,,,,,,,,,,,2,,,,,,,,,,,,,,,,,,,,,,,,,,,,,,,
RIP-Tire Kills - Avg per 10 Min,,,,,,,,,,,,,,,,,,,,1.36,,,,,,,,,,,,,,,,,,,,,,,,,,,,,,,
Concussion Mine Kills - Avg per 10 Min,,,,,,,,,,,,,,,,,,,,1.36,,,,,,,,,,,,,,,,,,,,,,,,,,,,,,,
Direct Hit Accuracy,,,,,,,,,,,,,,,,,,,,20,,,,,,,,,,,26,,,,,33,,,,,,,,,35,,,,23,,
Enemies Trapped - Avg per 10 Min,,,,,,,,,,,,,,,,,,,,7.47,,,,,,,,,,,,,,,,,,,,,,,,,,,,,,,
Orbital Ray Assist,,,,,,,,,,,,,,,,,,,,,1,,,,,,,,,,,,,,,,,,,,,,,,,,,,,,
Orbital Ray Assist - Most in Game,,,,,,,,,,,,,,,,,,,,,1,,,,,,,,,,,,,,,,,,,,,,,,,,,,,,
Orbital Ray Assists - Avg per 10 Min,,,,,,,,,,,,,,,,,,,,,0.95,,,,,,,,,,,,,,,,,,,,,,,,,,,,,,
Negative Effects Cleansed - Most in Game,,,,,,,,,,,,,,,,,,,,,,9,,,,,,,,,,,,,,,,,,,,,,,,,,,,,
Kitsune Rush Assists,,,,,,,,,,,,,,,,,,,,,,224,,,,,,,,,,,,,,,,,,,,,,,,,,,,,
Kitsune Rush Assists - Most in Game,,,,,,,,,,,,,,,,,,,,,,21,,,,,,,,,,,,,,,,,,,,,,,,,,,,,
Kunai Kills,,,,,,,,,,,,,,,,,,,,,,252,,,,,,,,,,,,,,,,,,,,,,,,,,,,,
Kunai Kills - Most in Game,,,,,,,,,,,,,,,,,,,,,,13,,,,,,,,,,,,,,,,,,,,,,,,,,,,,
Negative Effects Cleansed - Avg per 10 Min,,,,,,,,,,,,,,,,,,,,,,2.88,,,,,,,,,,,,,,,,,,,,,,,,,,,,,
Kunai Kills - Avg per 10 Min,,,,,,,,,,,,,,,,,,,,,,8.35,,,,,,,,,,,,,,,,,,,,,,,,,,,,,
Kitsune Rush Assists - Avg per 10 Min,,,,,,,,,,,,,,,,,,,,,,7.42,,,,,,,,,,,,,,,,,,,,,,,,,,,,,
Thorn Volley Kills,,,,,,,,,,,,,,,,,,,,,,,23,,,,,,,,,,,,,,,,,,,,,,,,,,,,
Thorn Volley Kills - Most in Game,,,,,,,,,,,,,,,,,,,,,,,21,,,,,,,,,,,,,,,,,,,,,,,,,,,,
Tree of Life Healing - Most in Game,,,,,,,,,,,,,,,,,,,,,,,1790,,,,,,,,,,,,,,,,,,,,,,,,,,,,
Tree of Life Healing - Avg per 10 Min,,,,,,,,,,,,,,,,,,,,,,,1510,,,,,,,,,,,,,,,,,,,,,,,,,,,,
Thorn Volley Kills - Avg per 10 Min,,,,,,,,,,,,,,,,,,,,,,,17.28,,,,,,,,,,,,,,,,,,,,,,,,,,,,
Sound Barriers Provided,,,,,,,,,,,,,,,,,,,,,,,,11,,,,,,,,,,,,,,,,,,,,,,,,,,,
Sound Barriers Provided - Most in Game,,,,,,,,,,,,,,,,,,,,,,,,8,,,,,,,,,,,,,,,,,,,,,,,,,,,
Players Knocked Back - Most in Game,,,,,,,,,,,,,,,,,,,,,,,,7,,,,,,,,,,,,,,,,,,,,,,,,,,,
Sound Barrier Damage Mitigated,,,,,,,,,,,,,,,,,,,,,,,,717,,,,,,,,,,,,,,,,,,,,,,,,,,,
Speed Boost Usage,,,,,,,,,,,,,,,,,,,,,,,,49,,,,,,,,,,,,,,,,,,,,,,,,,,,
Healing Boost Usage,,,,,,,,,,,,,,,,,,,,,,,,51,,,,,,,,,,,,,,,,,,,,,,,,,,,
Players Knocked Back - Avg per 10 Min,,,,,,,,,,,,,,,,,,,,,,,,10.0,,,,,,,,,,,,,,,,,,,,,,,,,,,
Sound Barriers Provided - Avg per 10 Min,,,,,,,,,,,,,,,,,,,,,,,,5.5,,,,,,,,,,,,,,,,,,,,,,,,,,,
Overrun Kills,,,,,,,,,,,,,,,,,,,,,,,,,9,,,,,,,,,,,,,,,,,,,,,,,,,,
Overrun Kills - Most in Game,,,,,,,,,,,,,,,,,,,,,,,,,3,,,,,,,,,,,,,,,,,,,,,,,,,,
Cage Fight Kills,,,,,,,,,,,,,,,,,,,,,,,,,7,,,,,,,,,,,,,,,,,,,,,,,,,,
Cage Fight Kills - Most in Game,,,,,,,,,,,,,,,,,,,,,,,,,3,,,,,,,,,,,,,,,,,,,,,,,,,,
Overrun Kills - Avg per 10 Min,,,,,,,,,,,,,,,,,,,,,,,,,4.79,,,,,,,,,,,,,,,,,,,,,,,,,,
Cage Fight Kills- Avg per 10 Min,,,,,,,,,,,,,,,,,,,,,,,,,3.73,,,,,,,,,,,,,,,,,,,,,,,,,,
Enemies Frozen,,,,,,,,,,,,,,,,,,,,,,,,,,2,,,,,,,,,,,,,,,,,,,,,,,,,
Enemies Frozen - Most in Game,,,,,,,,,,,,,,,,,,,,,,,,,,2,,,,,,,,,,,,,,,,,,,,,,,,,
Blizzard Kills - Most in Game,,,,,,,,,,,,,,,,,,,,,,,,,,6,,,,,,,,,,,,,,,,,,,,,,,,,
Blizzard Kills,,,,,,,,,,,,,,,,,,,,,,,,,,6,,,,,,,,,,,,,,,,,,,,,,,,,
Icicle Accuracy,,,,,,,,,,,,,,,,,,,,,,,,,,26,,,,,,,,,,,,,,,,,,,,,,,,,
Blizzard Kills - Avg per 10 Min,,,,,,,,,,,,,,,,,,,,,,,,,,4.98,,,,,,,,,,,,,,,,,,,,,,,,,
Icicle Critical Accuracy,,,,,,,,,,,,,,,,,,,,,,,,,,13,,,,,,,,,,,,,,,,,,,,,,,,,
Enemies Frozen - Avg per 10 Min,,,,,,,,,,,,,,,,,,,,,,,,,,1.66,,,,,,,,,,,,,,,,,,,,,,,,,
Blaster Kills,,,,,,,,,,,,,,,,,,,,,,,,,,,3,,,,,,,,,,,,,,,,,,,,,,,,
Blaster Kills - Most in Game,,,,,,,,,,,,,,,,,,,,,,,,,,,2,,,,,,,,,,,,,,,,,,,,,,,,
Players Resurrected,,,,,,,,,,,,,,,,,,,,,,,,,,,12,,,,,,,,,,,,,,,,,,,,,,,,
Players Resurrected - Most in Game,,,,,,,,,,,,,,,,,,,,,,,,,,,3,,,,,,,,,,,,,,,,,,,,,,,,
Valkyrie Healing Done,,,,,,,,,,,,,,,,,,,,,,,,,,,5927,,,,,,,,,,,,,,,,,,,,,,,,
Valkyrie Healing Done - Most in Game,,,,,,,,,,,,,,,,,,,,,,,,,,,2658,,,,,,,,,,,,,,,,,,,,,,,,
Healing Beam Usage,,,,,,,,,,,,,,,,,,,,,,,,,,,78,,,,,,,,,,,,,,,,,,,,,,,,
Players Resurrected - Avg per 10 Min,,,,,,,,,,,,,,,,,,,,,,,,,,,2.57,,,,,,,,,,,,,,,,,,,,,,,,
Blaster Kills - Avg per 10 Min,,,,,,,,,,,,,,,,,,,,,,,,,,,0.64,,,,,,,,,,,,,,,,,,,,,,,,
Offensive Beam Usage,,,,,,,,,,,,,,,,,,,,,,,,,,,22,,,,,,,,,,,,,,,,,,,,,,,,
Valkyrie Healing Done - Avg per 10 Min,,,,,,,,,,,,,,,,,,,,,,,,,,,1268,,,,,,,,,,,,,,,,,,,,,,,,
Elimination - Most in Life,,,,,,,,,,,,,,,,,,,,,,,,,,,1,,,,,,,,,,,,,,,,,,,,,,,,
Objective Kill - Most in Game,,,,,,,,,,,,,,,,,,,,,,,,,,,1,,,,,,,,,,1,,,,,1,,,,,,,,,
Critical Hit - Most in Game,,,,,,,,,,,,,,,,,,,,,,,,,,,1,,,,,,,,,,,,,,,,,,,,,,,,
Objective Kill,,,,,,,,,,,,,,,,,,,,,,,,,,,1,,,,,,,,,,1,,,,,1,,,,,,,,,
Healing Kasa Healing,,,,,,,,,,,,,,,,,,,,,,,,,,,,32774,,,,,,,,,,,,,,,,,,,,,,,
Healing Kasa Healing - Most in Game,,,,,,,,,,,,,,,,,,,,,,,,,,,,6226,,,,,,,,,,,,,,,,,,,,,,,
Remedy Aura Healing,,,,,,,,,,,,,,,,,,,,,,,,,,,,31065,,,,,,,,,,,,,,,,,,,,,,,
Remedy Aura Healing - Most in Game,,,,,,,,,,,,,,,,,,,,,,,,,,,,5704,,,,,,,,,,,,,,,,,,,,,,,
Enemies Hindered,,,,,,,,,,,,,,,,,,,,,,,,,,,,69,,,,,,,,,,,,,,,,,,,,,,,
Average Aura - Best in Game,,,,,,,,,,,,,,,,,,,,,,,,,,,,99,,,,,,,,,,,,,,,,,,,,,,,
Binding Chain Accuracy,,,,,,,,,,,,,,,,,,,,,,,,,,,,43,,,,,,,,,,,,,,,,,,,,,,,
Average Aura,,,,,,,,,,,,,,,,,,,,,,,,,,,,48,,,,,,,,,,,,,,,,,,,,,,,
Healing Kasa Healing - Avg per 10 Min,,,,,,,,,,,,,,,,,,,,,,,,,,,,4683,,,,,,,,,,,,,,,,,,,,,,,
Remedy Aura Healing - Avg per 10 Min,,,,,,,,,,,,,,,,,,,,,,,,,,,,4439,,,,,,,,,,,,,,,,,,,,,,,
Enemies Hindered - Avg per 10 Min,,,,,,,,,,,,,,,,,,,,,,,,,,,,9.86,,,,,,,,,,,,,,,,,,,,,,,
Coalescence Kills,,,,,,,,,,,,,,,,,,,,,,,,,,,,,10,,,,,,,,,,,,,,,,,,,,,,
Coalescence Kills - Most in Game,,,,,,,,,,,,,,,,,,,,,,,,,,,,,3,,,,,,,,,,,,,,,,,,,,,,
Coalescence Healing,,,,,,,,,,,,,,,,,,,,,,,,,,,,,4771,,,,,,,,,,,,,,,,,,,,,,
Coalescence Healing - Most in Game,,,,,,,,,,,,,,,,,,,,,,,,,,,,,1097,,,,,,,,,,,,,,,,,,,,,,
Biotic Orb Kills,,,,,,,,,,,,,,,,,,,,,,,,,,,,,34,,,,,,,,,,,,,,,,,,,,,,
Biotic Orb Kills - Most in Game,,,,,,,,,,,,,,,,,,,,,,,,,,,,,12,,,,,,,,,,,,,,,,,,,,,,
Ally Coalescence Efficiency,,,,,,,,,,,,,,,,,,,,,,,,,,,,,24,,,,,,,,,,,,,,,,,,,,,,
Coalescence Kills - Avg per 10 Min,,,,,,,,,,,,,,,,,,,,,,,,,,,,,1.54,,,,,,,,,,,,,,,,,,,,,,
Biotic Orb Kills  - Avg per 10 Min,,,,,,,,,,,,,,,,,,,,,,,,,,,,,5.25,,,,,,,,,,,,,,,,,,,,,,
Enemy Coalescence Efficiency,,,,,,,,,,,,,,,,,,,,,,,,,,,,,72,,,,,,,,,,,,,,,,,,,,,,
Coalescence Healing - Avg per 10 Min,,,,,,,,,,,,,,,,,,,,,,,,,,,,,736,,,,,,,,,,,,,,,,,,,,,,
Ultimates Negated,,,,,,,,,,,,,,,,,,,,,,,,,,,,,,2,,,,,,2,,,,,,,,,,,,,,,
Ultimate Negated - Most in Game,,,,,,,,,,,,,,,,,,,,,,,,,,,,,,1,,,,,,1,,,,,,,,,,,,,,,
Terra Surge Kills,,,,,,,,,,,,,,,,,,,,,,,,,,,,,,22,,,,,,,,,,,,,,,,,,,,,
Terra Surge Kills - Most in Game,,,,,,,,,,,,,,,,,,,,,,,,,,,,,,5,,,,,,,,,,,,,,,,,,,,,
Energy Javelin Kills,,,,,,,,,,,,,,,,,,,,,,,,,,,,,,33,,,,,,,,,,,,,,,,,,,,,
Javelin Spin Kills,,,,,,,,,,,,,,,,,,,,,,,,,,,,,,24,,,,,,,,,,,,,,,,,,,,,
Energy Javelin Kills NYI,,,,,,,,,,,,,,,,,,,,,,,,,,,,,,6,,,,,,,,,,,,,,,,,,,,,
Javelin Spin Kills NYI,,,,,,,,,,,,,,,,,,,,,,,,,,,,,,5,,,,,,,,,,,,,,,,,,,,,
Javelin Spin Kills - Avg per 10 Min,,,,,,,,,,,,,,,,,,,,,,,,,,,,,,0,,,,,,,,,,,,,,,,,,,,,
Ultimates Negated - Avg per 10 Min,,,,,,,,,,,,,,,,,,,,,,,,,,,,,,0,,,,,,0.21,,,,,,,,,,,,,,,
Terra Surge Kills - Avg per 10 Min,,,,,,,,,,,,,,,,,,,,,,,,,,,,,,2.44,,,,,,,,,,,,,,,,,,,,,
Energy Javelin Kills - Avg per 10 Min,,,,,,,,,,,,,,,,,,,,,,,,,,,,,,3.65,,,,,,,,,,,,,,,,,,,,,
Energy Javelin Accuracy,,,,,,,,,,,,,,,,,,,,,,,,,,,,,,49,,,,,,,,,,,,,,,,,,,,,
Rocket Direct Hits,,,,,,,,,,,,,,,,,,,,,,,,,,,,,,,182,,,,,,,,,,,,,,,,,,,,
Barrage Kills,,,,,,,,,,,,,,,,,,,,,,,,,,,,,,,5,,,,,,,,,,,,,,,,,,,,
Rocket Direct Hits - Most in Game,,,,,,,,,,,,,,,,,,,,,,,,,,,,,,,53,,,,,,,,,,,,,,,,,,,,
Barrage Kills - Most in Game,,,,,,,,,,,,,,,,,,,,,,,,,,,,,,,4,,,,,,,,,,,,,,,,,,,,
Airtime Percentage,,,,,,,,,,,,,,,,,,,,,,,,,,,,,,,49,,,,,,,,,,,,,,,,,,,,
Barrage Kills - Avg per 10 Min,,,,,,,,,,,,,,,,,,,,,,,,,,,,,,,1.57,,,,,,,,,,,,,,,,,,,,
Rocket Direct Hits - Avg per 10 Min,,,,,,,,,,,,,,,,,,,,,,,,,,,,,,,57.02,,,,,,,,,,,,,,,,,,,,
Pummel Kills,,,,,,,,,,,,,,,,,,,,,,,,,,,,,,,,23,,,,,,,,,,,,,,,,,,,
Pummel Kills - Most in Game,,,,,,,,,,,,,,,,,,,,,,,,,,,,,,,,13,,,,,,,,,,,,,,,,,,,
Ravenous Vortex Kills,,,,,,,,,,,,,,,,,,,,,,,,,,,,,,,,4,,,,,,,,,,,,,,,,,,,
Ravenous Vortex Kills - Most in Game,,,,,,,,,,,,,,,,,,,,,,,,,,,,,,,,2,,,,,,,,,,,,,,,,,,,
Annihilation Kills,,,,,,,,,,,,,,,,,,,,,,,,,,,,,,,,5,,,,,,,,,,,,,,,,,,,
Annihilation Kills - Most in Game,,,,,,,,,,,,,,,,,,,,,,,,,,,,,,,,4,,,,,,,,,,,,,,,,,,,
Ravenous Vortex Kills - Avg per 10 Min,,,,,,,,,,,,,,,,,,,,,,,,,,,,,,,,1.65,,,,,,,,,,,,,,,,,,,
Pummel Kills - Avg per 10 Min,,,,,,,,,,,,,,,,,,,,,,,,,,,,,,,,9.51,,,,,,,,,,,,,,,,,,,
Annihilation Efficiency,,,,,,,,,,,,,,,,,,,,,,,,,,,,,,,,227,,,,,,,,,,,,,,,,,,,
Annihilation Kills - Avg per 10 Min,,,,,,,,,,,,,,,,,,,,,,,,,,,,,,,,2.07,,,,,,,,,,,,,,,,,,,
Pummel Accuracy,,,,,,,,,,,,,,,,,,,,,,,,,,,,,,,,61,,,,,,,,,,,,,,,,,,,
Death Blossom Kills,,,,,,,,,,,,,,,,,,,,,,,,,,,,,,,,,9,,,,,,,,,,,,,,,,,,
Death Blossom Kills - Most in Game,,,,,,,,,,,,,,,,,,,,,,,,,,,,,,,,,4,,,,,,,,,,,,,,,,,,
Death Blossom Kills - Avg per 10 Min,,,,,,,,,,,,,,,,,,,,,,,,,,,,,,,,,3.58,,,,,,,,,,,,,,,,,,
Charge Kills,,,,,,,,,,,,,,,,,,,,,,,,,,,,,,,,,,14,,,,,,,,,,,,,,,,,
Charge Kills - Most in Game,,,,,,,,,,,,,,,,,,,,,,,,,,,,,,,,,,6,,,,,,,,,,,,,,,,,
Fire Strike Kills,,,,,,,,,,,,,,,,,,,,,,,,,,,,,,,,,,32,,,,,,,,,,,,,,,,,
Fire Strike Kills - Most in Game,,,,,,,,,,,,,,,,,,,,,,,,,,,,,,,,,,6,,,,,,,,,,,,,,,,,
Earthshatter Kills,,,,,,,,,,,,,,,,,,,,,,,,,,,,,,,,,,12,,,,,,,,,,,,,,,,,
Earthshatter Kills - Most in Game,,,,,,,,,,,,,,,,,,,,,,,,,,,,,,,,,,5,,,,,,,,,,,,,,,,,
Earthshatter Stuns,,,,,,,,,,,,,,,,,,,,,,,,,,,,,,,,,,27,,,,,,,,,,,,,,,,,
Earthshatter Direct Hits,,,,,,,,,,,,,,,,,,,,,,,,,,,,,,,,,,3,,,,,,,,,,,,,,,,,
Charge Kills - Avg per 10 Min,,,,,,,,,,,,,,,,,,,,,,,,,,,,,,,,,,2.47,,,,,,,,,,,,,,,,,
Fire Strike Accuracy,,,,,,,,,,,,,,,,,,,,,,,,,,,,,,,,,,44,,,,,,,,,,,,,,,,,
Earthshatter Direct Hits - Avg per 10 Min,,,,,,,,,,,,,,,,,,,,,,,,,,,,,,,,,,0.53,,,,,,,,,,,,,,,,,
Earthshatter Kills - Avg per 10 Min,,,,,,,,,,,,,,,,,,,,,,,,,,,,,,,,,,2.12,,,,,,,,,,,,,,,,,
Fire Strike Kills - Avg per 10 Min,,,,,,,,,,,,,,,,,,,,,,,,,,,,,,,,,,5.66,,,,,,,,,,,,,,,,,
Earthshatter Stuns - Avg per 10 Min,,,,,,,,,,,,,,,,,,,,,,,,,,,,,,,,,,4.77,,,,,,,,,,,,,,,,,
Whole Hog Kills - Most in Game,,,,,,,,,,,,,,,,,,,,,,,,,,,,,,,,,,,5,,,,,,,,,,,,,,,,
Whole Hog Kills,,,,,,,,,,,,,,,,,,,,,,,,,,,,,,,,,,,30,,,,,,,,,,,,,,,,
Chain Hook Accuracy - Best in Game,,,,,,,,,,,,,,,,,,,,,,,,,,,,,,,,,,,100,,,,,,,,,,,,,,,,
Chain Hook Kills,,,,,,,,,,,,,,,,,,,,,,,,,,,,,,,,,,,113,,,,,,,,,,,,,,,,
Chain Hook Kills - Avg per 10 Min,,,,,,,,,,,,,,,,,,,,,,,,,,,,,,,,,,,9.96,,,,,,,,,,,,,,,,
Whole Hog Kills - Avg per 10 Min,,,,,,,,,,,,,,,,,,,,,,,,,,,,,,,,,,,2.64,,,,,,,,,,,,,,,,
Chain Hook Accuracy,,,,,,,,,,,,,,,,,,,,,,,,,,,,,,,,,,,56,,,,,,,,,,,,,,,,
Accretion Kills - Most in Game,,,,,,,,,,,,,,,,,,,,,,,,,,,,,,,,,,,,4,,,,,,,,,,,,,,,
Accretion Kills,,,,,,,,,,,,,,,,,,,,,,,,,,,,,,,,,,,,16,,,,,,,,,,,,,,,
Gravitic Flux Kills,,,,,,,,,,,,,,,,,,,,,,,,,,,,,,,,,,,,18,,,,,,,,,,,,,,,
Gravitic Flux Kills - Most in Game,,,,,,,,,,,,,,,,,,,,,,,,,,,,,,,,,,,,4,,,,,,,,,,,,,,,
Accretion Accuracy,,,,,,,,,,,,,,,,,,,,,,,,,,,,,,,,,,,,41,,,,,,,,,,,,,,,
Gravitic Flux Kills - Avg per 10 Min,,,,,,,,,,,,,,,,,,,,,,,,,,,,,,,,,,,,1.88,,,,,,,,,,,,,,,
Accretion Kills - Avg per 10 Min,,,,,,,,,,,,,,,,,,,,,,,,,,,,,,,,,,,,1.67,,,,,,,,,,,,,,,
Tracking Shot Accuracy,,,,,,,,,,,,,,,,,,,,,,,,,,,,,,,,,,,,,17,,,,,,,,,,,,,,
Charged Shot Kills - Most in Game,,,,,,,,,,,,,,,,,,,,,,,,,,,,,,,,,,,,,,10,,,,,,,,,,,,,
Charged Shot Kills,,,,,,,,,,,,,,,,,,,,,,,,,,,,,,,,,,,,,,23,,,,,,,,,,,,,
Charged Shot Accuracy - Best in Game,,,,,,,,,,,,,,,,,,,,,,,,,,,,,,,,,,,,,,59,,,,,,,,,,,,,
Overclock Kills - Most in Game,,,,,,,,,,,,,,,,,,,,,,,,,,,,,,,,,,,,,,5,,,,,,,,,,,,,
Overclock Kills,,,,,,,,,,,,,,,,,,,,,,,,,,,,,,,,,,,,,,8,,,,,,,,,,,,,
Disruptor Shot Kills,,,,,,,,,,,,,,,,,,,,,,,,,,,,,,,,,,,,,,8,,,,,,,,,,,,,
Disruptor Shot Kills - Most in Game,,,,,,,,,,,,,,,,,,,,,,,,,,,,,,,,,,,,,,4,,,,,,,,,,,,,
Charged Shot Critical Accuracy,,,,,,,,,,,,,,,,,,,,,,,,,,,,,,,,,,,,,,14,,,,,,,,,,,,,
Overclock Kills - Avg per 10 Min,,,,,,,,,,,,,,,,,,,,,,,,,,,,,,,,,,,,,,1.95,,,,,,,,,,,,,
Disruptor Shot Kills - Avg per 10 Min,,,,,,,,,,,,,,,,,,,,,,,,,,,,,,,,,,,,,,1.95,,,,,,,,,,,,,
Charged Shot Accuracy,,,,,,,,,,,,,,,,,,,,,,,,,,,,,,,,,,,,,,51,,,,,,,,,,,,,
Charged Shot Kills - Avg per 10 Min,,,,,,,,,,,,,,,,,,,,,,,,,,,,,,,,,,,,,,5.59,,,,,,,,,,,,,
Helix Rocket Kills - Most in Game,,,,,,,,,,,,,,,,,,,,,,,,,,,,,,,,,,,,,,,3,,,,,,,,,,,,
Helix Rocket Kills,,,,,,,,,,,,,,,,,,,,,,,,,,,,,,,,,,,,,,,20,,,,,,,,,,,,
Tactical Visor Kills,,,,,,,,,,,,,,,,,,,,,,,,,,,,,,,,,,,,,,,8,,,,,,,,,,,,
Tactical Visor Kills - Most in Game,,,,,,,,,,,,,,,,,,,,,,,,,,,,,,,,,,,,,,,4,,,,,,,,,,,,
Helix Rocket Kills - Avg per 10 Min,,,,,,,,,,,,,,,,,,,,,,,,,,,,,,,,,,,,,,,2.85,,,,,,,,,,,,
Helix Rocket Accuracy,,,,,,,,,,,,,,,,,,,,,,,,,,,,,,,,,,,,,,,61,,,,,,,,,,,,
Tactical Visor Kills - Avg per 10 Min,,,,,,,,,,,,,,,,,,,,,,,,,,,,,,,,,,,,,,,1.14,,,,,,,,,,,,
Enemies Hacked,,,,,,,,,,,,,,,,,,,,,,,,,,,,,,,,,,,,,,,,1602,,,,,,,,,,,
Enemies Hacked - Most in Game,,,,,,,,,,,,,,,,,,,,,,,,,,,,,,,,,,,,,,,,45,,,,,,,,,,,
EMP Kills,,,,,,,,,,,,,,,,,,,,,,,,,,,,,,,,,,,,,,,,155,,,,,,,,,,,
EMP Kills - Most in Game,,,,,,,,,,,,,,,,,,,,,,,,,,,,,,,,,,,,,,,,10,,,,,,,,,,,
Low Health Teleports,,,,,,,,,,,,,,,,,,,,,,,,,,,,,,,,,,,,,,,,219,,,,,,,,,,,
Low Health Teleports - Most in Game,,,,,,,,,,,,,,,,,,,,,,,,,,,,,,,,,,,,,,,,11,,,,,,,,,,,
Virus Kills,,,,,,,,,,,,,,,,,,,,,,,,,,,,,,,,,,,,,,,,563,,,,,,,,,,,
Virus Kills - Most in Game,,,,,,,,,,,,,,,,,,,,,,,,,,,,,,,,,,,,,,,,29,,,,,,,,,,,
Virus Kills - Avg per 10 Min,,,,,,,,,,,,,,,,,,,,,,,,,,,,,,,,,,,,,,,,10.87,,,,,,,,,,,
EMP Kills - Avg per 10 Min,,,,,,,,,,,,,,,,,,,,,,,,,,,,,,,,,,,,,,,,2.99,,,,,,,,,,,
Virus Accuracy,,,,,,,,,,,,,,,,,,,,,,,,,,,,,,,,,,,,,,,,61,,,,,,,,,,,
Low Health Teleports - Avg per 10 Min,,,,,,,,,,,,,,,,,,,,,,,,,,,,,,,,,,,,,,,,4.23,,,,,,,,,,,
Enemies Hacked - Avg per 10 Min,,,,,,,,,,,,,,,,,,,,,,,,,,,,,,,,,,,,,,,,30.94,,,,,,,,,,,
Sentry Turret Kills,,,,,,,,,,,,,,,,,,,,,,,,,,,,,,,,,,,,,,,,,2,,,,,,,,,,
Sentry Turret Kill - Most in Game,,,,,,,,,,,,,,,,,,,,,,,,,,,,,,,,,,,,,,,,,1,,,,,,,,,,
Players Teleported,,,,,,,,,,,,,,,,,,,,,,,,,,,,,,,,,,,,,,,,,44,,,,,,,,,,
Players Teleported - Most in Game,,,,,,,,,,,,,,,,,,,,,,,,,,,,,,,,,,,,,,,,,34,,,,,,,,,,
Secondary Direct Hits,,,,,,,,,,,,,,,,,,,,,,,,,,,,,,,,,,,,,,,,,36,,,,,,,,,,
Sentry Turret Kills - Avg per 10 Min,,,,,,,,,,,,,,,,,,,,,,,,,,,,,,,,,,,,,,,,,1.47,,,,,,,,,,
Players Teleported - Avg per 10 Min,,,,,,,,,,,,,,,,,,,,,,,,,,,,,,,,,,,,,,,,,32.31,,,,,,,,,,
Average Damage Multiplier,,,,,,,,,,,,,,,,,,,,,,,,,,,,,,,,,,,,,,,,,1.69,,,,,,,,,,
Secondary Direct Hits - Avg per 10 Min,,,,,,,,,,,,,,,,,,,,,,,,,,,,,,,,,,,,,,,,,26.43,,,,,,,,,,
Turret Kill,,,,,,,,,,,,,,,,,,,,,,,,,,,,,,,,,,,,,,,,,,1,,,,,,,,,
Turret Kill - Most in Game,,,,,,,,,,,,,,,,,,,,,,,,,,,,,,,,,,,,,,,,,,1,,,,,,,,,
Overload Kill,,,,,,,,,,,,,,,,,,,,,,,,,,,,,,,,,,,,,,,,,,1,,,,,,,,,
Overload Kill - Most in Game,,,,,,,,,,,,,,,,,,,,,,,,,,,,,,,,,,,,,,,,,,1,,,,,,,,,
Turret Kills - Avg per 10 Min,,,,,,,,,,,,,,,,,,,,,,,,,,,,,,,,,,,,,,,,,,4.61,,,,,,,,,
Pulse Bomb Kills,,,,,,,,,,,,,,,,,,,,,,,,,,,,,,,,,,,,,,,,,,,23,,,,,,,,
Pulse Bomb Kills - Most in Game,,,,,,,,,,,,,,,,,,,,,,,,,,,,,,,,,,,,,,,,,,,4,,,,,,,,
Pulse Bombs Attached - Most in Game,,,,,,,,,,,,,,,,,,,,,,,,,,,,,,,,,,,,,,,,,,,2,,,,,,,,
Pulse Bombs Attached,,,,,,,,,,,,,,,,,,,,,,,,,,,,,,,,,,,,,,,,,,,9,,,,,,,,
Low Health Recalls,,,,,,,,,,,,,,,,,,,,,,,,,,,,,,,,,,,,,,,,,,,58,,,,,,,,
Low Health Recalls - Most in Game,,,,,,,,,,,,,,,,,,,,,,,,,,,,,,,,,,,,,,,,,,,58,,,,,,,,
Pulse Bomb Attach Rate,,,,,,,,,,,,,,,,,,,,,,,,,,,,,,,,,,,,,,,,,,,15,,,,,,,,
Pulse Bomb Kills - Avg per 10 Min,,,,,,,,,,,,,,,,,,,,,,,,,,,,,,,,,,,,,,,,,,,1.56,,,,,,,,
Low Health Recalls - Avg per 10 Min,,,,,,,,,,,,,,,,,,,,,,,,,,,,,,,,,,,,,,,,,,,3.92,,,,,,,,
Pulse Bombs Attached - Avg per 10 Min,,,,,,,,,,,,,,,,,,,,,,,,,,,,,,,,,,,,,,,,,,,0.61,,,,,,,,
Projected Edge Kills,,,,,,,,,,,,,,,,,,,,,,,,,,,,,,,,,,,,,,,,,,,,2,,,,,,,
Projected Edge Kill - Most in Game,,,,,,,,,,,,,,,,,,,,,,,,,,,,,,,,,,,,,,,,,,,,1,,,,,,,
Whirlwind Dash Kills,,,,,,,,,,,,,,,,,,,,,,,,,,,,,,,,,,,,,,,,,,,,14,,,,,,,
Whirlwind Dash Kills - Most in Game,,,,,,,,,,,,,,,,,,,,,,,,,,,,,,,,,,,,,,,,,,,,4,,,,,,,
Sundering Blade Kills,,,,,,,,,,,,,,,,,,,,,,,,,,,,,,,,,,,,,,,,,,,,4,,,,,,,
Sundering Blade Kills - Most in Game,,,,,,,,,,,,,,,,,,,,,,,,,,,,,,,,,,,,,,,,,,,,2,,,,,,,
Whirlwind Dash Kills - Avg per 10 Min,,,,,,,,,,,,,,,,,,,,,,,,,,,,,,,,,,,,,,,,,,,,4.23,,,,,,,
Projected Edge Accuracy,,,,,,,,,,,,,,,,,,,,,,,,,,,,,,,,,,,,,,,,,,,,31,,,,,,,
Projected Edge Kills - Avg per 10 Min,,,,,,,,,,,,,,,,,,,,,,,,,,,,,,,,,,,,,,,,,,,,0.6,,,,,,,
Sundering Blade Kills - Avg per 10 Min,,,,,,,,,,,,,,,,,,,,,,,,,,,,,,,,,,,,,,,,,,,,1.21,,,,,,,
Onslaught Uptime Percentage,,,,,,,,,,,,,,,,,,,,,,,,,,,,,,,,,,,,,,,,,,,,34,,,,,,,
Smart Excavator Direct Hits - Most in Game,,,,,,,,,,,,,,,,,,,,,,,,,,,,,,,,,,,,,,,,,,,,,26,,,,,,
Drill Dash Kill - Most in Game,,,,,,,,,,,,,,,,,,,,,,,,,,,,,,,,,,,,,,,,,,,,,1,,,,,,
Drill Dash Kill,,,,,,,,,,,,,,,,,,,,,,,,,,,,,,,,,,,,,,,,,,,,,1,,,,,,
Tectonic Shock Kills,,,,,,,,,,,,,,,,,,,,,,,,,,,,,,,,,,,,,,,,,,,,,2,,,,,,
Tectonic Shock Kills - Most in Game,,,,,,,,,,,,,,,,,,,,,,,,,,,,,,,,,,,,,,,,,,,,,2,,,,,,
Shields Created,,,,,,,,,,,,,,,,,,,,,,,,,,,,,,,,,,,,,,,,,,,,,1568,,,,,,
Shields Created - Most in Game,,,,,,,,,,,,,,,,,,,,,,,,,,,,,,,,,,,,,,,,,,,,,799,,,,,,
Shields Created - Avg per 10 Min,,,,,,,,,,,,,,,,,,,,,,,,,,,,,,,,,,,,,,,,,,,,,1899,,,,,,
Drill Dash Kills - Avg per 10 Min,,,,,,,,,,,,,,,,,,,,,,,,,,,,,,,,,,,,,,,,,,,,,1.21,,,,,,
Venom Mine Kills,,,,,,,,,,,,,,,,,,,,,,,,,,,,,,,,,,,,,,,,,,,,,,5,,,,,
Venom Mine Kills - Most in Game,,,,,,,,,,,,,,,,,,,,,,,,,,,,,,,,,,,,,,,,,,,,,,2,,,,,
Venom Mine Kills - Avg per 10 Min,,,,,,,,,,,,,,,,,,,,,,,,,,,,,,,,,,,,,,,,,,,,,,0.91,,,,,
Jump Pack Kills,,,,,,,,,,,,,,,,,,,,,,,,,,,,,,,,,,,,,,,,,,,,,,,9,,,,
Jump Pack Kills - Most in Game,,,,,,,,,,,,,,,,,,,,,,,,,,,,,,,,,,,,,,,,,,,,,,,6,,,,
Primal Rage Kills,,,,,,,,,,,,,,,,,,,,,,,,,,,,,,,,,,,,,,,,,,,,,,,3,,,,
Primal Rage Kills - Most in Game,,,,,,,,,,,,,,,,,,,,,,,,,,,,,,,,,,,,,,,,,,,,,,,2,,,,
Melee Kills,,,,,,,,,,,,,,,,,,,,,,,,,,,,,,,,,,,,,,,,,,,,,,,5,,,,
Jump Kills,,,,,,,,,,,,,,,,,,,,,,,,,,,,,,,,,,,,,,,,,,,,,,,9,,,,
Weapon Kills,,,,,,,,,,,,,,,,,,,,,,,,,,,,,,,,,,,,,,,,,,,,,,,35,,,,
Primal Rage Damage,,,,,,,,,,,,,,,,,,,,,,,,,,,,,,,,,,,,,,,,,,,,,,,2732,,,,
Jump Pack Kills - Avg per 10 Min,,,,,,,,,,,,,,,,,,,,,,,,,,,,,,,,,,,,,,,,,,,,,,,3.49,,,,
Primal Rage Kills  - Avg per 10 Min,,,,,,,,,,,,,,,,,,,,,,,,,,,,,,,,,,,,,,,,,,,,,,,1.16,,,,
Adaptive Shielding Created,,,,,,,,,,,,,,,,,,,,,,,,,,,,,,,,,,,,,,,,,,,,,,,,7347,,,
Minefield Kills,,,,,,,,,,,,,,,,,,,,,,,,,,,,,,,,,,,,,,,,,,,,,,,,3,,,
Minefield Kills - Most in Game,,,,,,,,,,,,,,,,,,,,,,,,,,,,,,,,,,,,,,,,,,,,,,,,2,,,
Adaptive Shielding Created - Most in Game,,,,,,,,,,,,,,,,,,,,,,,,,,,,,,,,,,,,,,,,,,,,,,,,7347,,,
Adaptive Shielding Created - Avg per 10 Min,,,,,,,,,,,,,,,,,,,,,,,,,,,,,,,,,,,,,,,,,,,,,,,,5080,,,
Minefield Kills - Avg per 10 Min,,,,,,,,,,,,,,,,,,,,,,,,,,,,,,,,,,,,,,,,,,,,,,,,2.07,,,
Water Staff Direct Hits,,,,,,,,,,,,,,,,,,,,,,,,,,,,,,,,,,,,,,,,,,,,,,,,,262,,
Water Staff Direct Hits - Most in Game,,,,,,,,,,,,,,,,,,,,,,,,,,,,,,,,,,,,,,,,,,,,,,,,,175,,
Guardian Wave Kills,,,,,,,,,,,,,,,,,,,,,,,,,,,,,,,,,,,,,,,,,,,,,,,,,3,,
Tidal Blast Kills,,,,,,,,,,,,,,,,,,,,,,,,,,,,,,,,,,,,,,,,,,,,,,,,,2,,
Tidal Blast Kills - Most in Game,,,,,,,,,,,,,,,,,,,,,,,,,,,,,,,,,,,,,,,,,,,,,,,,,2,,
Tidal Blast Kills - Avg per 10 Min,,,,,,,,,,,,,,,,,,,,,,,,,,,,,,,,,,,,,,,,,,,,,,,,,0.98,,
Guardian Wave Kills - Avg per 10 Min,,,,,,,,,,,,,,,,,,,,,,,,,,,,,,,,,,,,,,,,,,,,,,,,,1.48,,
Graviton Surge Kills,,,,,,,,,,,,,,,,,,,,,,,,,,,,,,,,,,,,,,,,,,,,,,,,,,8,
Graviton Surge Kills - Most in Game,,,,,,,,,,,,,,,,,,,,,,,,,,,,,,,,,,,,,,,,,,,,,,,,,,5,
High Energy Kills - Most in Game,,,,,,,,,,,,,,,,,,,,,,,,,,,,,,,,,,,,,,,,,,,,,,,,,,5,
High Energy Kills,,,,,,,,,,,,,,,,,,,,,,,,,,,,,,,,,,,,,,,,,,,,,,,,,,16,
Average Energy - Best in Game,,,,,,,,,,,,,,,,,,,,,,,,,,,,,,,,,,,,,,,,,,,,,,,,,,35,
Graviton Surge Kills - Avg per 10 Min,,,,,,,,,,,,,,,,,,,,,,,,,,,,,,,,,,,,,,,,,,,,,,,,,,2.28,
Average Energy,,,,,,,,,,,,,,,,,,,,,,,,,,,,,,,,,,,,,,,,,,,,,,,,,,22,
High Energy Kills - Avg per 10 Min,,,,,,,,,,,,,,,,,,,,,,,,,,,,,,,,,,,,,,,,,,,,,,,,,,4.56,
Transcendence Healing - Most in Game,,,,,,,,,,,,,,,,,,,,,,,,,,,,,,,,,,,,,,,,,,,,,,,,,,,781
Transcendence Healing,,,,,,,,,,,,,,,,,,,,,,,,,,,,,,,,,,,,,,,,,,,,,,,,,,,1933
Charged Volley Kills,,,,,,,,,,,,,,,,,,,,,,,,,,,,,,,,,,,,,,,,,,,,,,,,,,,3
Charged Volley Kill - Most in Game,,,,,,,,,,,,,,,,,,,,,,,,,,,,,,,,,,,,,,,,,,,,,,,,,,,1
Charged Volley Kills - Avg per 10 Min,,,,,,,,,,,,,,,,,,,,,,,,,,,,,,,,,,,,,,,,,,,,,,,,,,,0.79
Charged Volley Accuracy,,,,,,,,,,,,,,,,,,,,,,,,,,,,,,,,,,,,,,,,,,,,,,,,,,,17
Transcendence Efficiency,,,,,,,,,,,,,,,,,,,,,,,,,,,,,,,,,,,,,,,,,,,,,,,,,,,242
