,all-heroes,reaper,tracer,mercy,torbjorn,reinhardt,pharah,winston,widowmaker,bastion,symmetra,zenyatta,genji,roadhog,cassidy,junkrat,zarya,soldier-76,lucio,dva,mei,sombra,doomfist,ana,orisa,moira,wrecking-ball,ashe,echo,baptiste,kiriko,junker-queen,sigma,mauga,illari,venture,juno,vendetta,emre,mizuki,jetpack-cat
Tank,platinum 1,platinum 1,platinum 1,platinum 1,platinum 1,platinum 1,platinum 1,platinum 1,platinum 1,platinum 1,platinum 1,platinum 1,platinum 1,platinum 1,platinum 1,platinum 1,platinum 1,platinum 1,platinum 1,platinum 1,platinum 1,platinum 1,platinum 1,platinum 1,platinum 1,platinum 1,platinum 1,platinum 1,platinum 1,platinum 1,platinum 1,platinum 1,platinum 1,platinum 1,platinum 1,platinum 1,platinum 1,platinum 1,platinum 1,platinum 1,platinum 1
Damage,gold 2,gold 2,gold 2,gold 2,gold 2,gold 2,gold 2,gold 2,gold 2,gold 2,gold 2,gold 2,gold 2,gold 2,gold 2,gold 2,gold 2,gold 2,gold 2,gold 2,gold 2,gold 2,gold 2,gold 2,gold 2,gold 2,gold 2,gold 2,gold 2,gold 2,gold 2,gold 2,gold 2,gold 2,gold 2,gold 2,gold 2,gold 2,gold 2,gold 2,gold 2
Support,platinum 1,platinum 1,platinum 1,platinum 1,platinum 1,platinum 1,platinum 1,platinum 1,platinum 1,platinum 1,platinum 1,platinum 1,platinum 1,platinum 1,platinum 1,platinum 1,platinum 1,platinum 1,platinum 1,platinum 1,platinum 1,platinum 1,platinum 1,platinum 1,platinum 1,platinum 1,platinum 1,platinum 1,platinum 1,platinum 1,platinum 1,platinum 1,platinum 1,platinum 1,platinum 1,platinum 1,platinum 1,platinum 1,platinum 1,platinum 1,platinum 1
Open,,,,,,,,,,,,,,,,,,,,,,,,,,,,,,,,,,,,,,,,,
Eliminations - Most in Game,39,23,10,,14,,34,20,4,24,,18,18,39,28,7,30,23,7,28,27,20,3,22,12,30,11,23,24,20,28,2,29,21,,,,26,16,,23
Final Blows - Most in Game,28,17,4,,4,,26,13,,16,,11,12,28,17,4,16,10,3,14,14,11,2,12,6,8,6,10,11,8,11,,12,8,,,,16,9,,6
All Damage Done - Most in Game,32209,10442,2951,,5412,519,16528,10479,1191,16740,723,3950,6290,19306,11297,5381,16513,11744,2928,12359,32209,4662,2786,8235,7571,8120,6598,10708,11212,4789,7796,689,14903,8864,535,,,9526,11257,,6255
Healing Done - Most in Game,12492,1501,,2380,,,,672,,,,3915,111,6858,235,,,1103,3082,760,1450,50,558,11295,,9405,875,,315,5707,11715,35,,782,2566,,,442,559,,12016
Defensive Assists - Most in Game,29,,,3,,,,,,,,14,,2,,,5,4,7,,,,,24,,23,,,,17,29,,,7,,,,,,,16
Offensive Assists - Most in Game,41,,,6,,,,,,,,4,,9,,,6,,6,,9,8,,15,3,,,,,,14,,,5,,,,,,,4
Objective Kills - Most in Game,16,8,2,,3,,15,9,,8,,,3,12,6,,7,7,4,5,11,4,,9,2,8,4,8,5,7,11,,11,7,,,,7,3,,8
Objective Time - Most in Game,218,97,8,10,0,2,78,69,10,97,15,17,13,158,118,9,48,70,54,75,86,17,15,188,54,49,98,108,32,74,88,6,218,108,,,,71,68,,153
Multikill - Best,6,3,,,,,5,,,3,,4,,4,3,3,3,4,,6,3,3,,3,,3,,4,3,,3,,4,,,,,3,3,,4
Solo Kills - Most in Game,28,5,2,,,,9,2,,4,,3,3,8,3,2,,4,,5,3,,,2,3,,3,3,,,2,,5,,,,,5,,,4
Time Spent on Fire - Most in Game,92,36,25,19,16,,77,38,,41,6,39,16,92,40,35,45,44,21,48,38,56,22,57,29,45,19,56,45,41,39,,78,57,,,,72,66,,75
Melee Final Blows - Most in Game,7,2,,,,,,,,,,,2,7,,,2,2,,2,,,,,2,,2,,,,3,,4,,,,,,,,2
Environmental Kills - Most in Game,3,,,,,,3,,,,,,,3,,,,,,,,,,,,,,,,,,,,,,,,,,,2
Kill Streak - Best,28,9,7,,5,,18,10,3,11,1,15,10,28,16,5,15,10,7,22,9,17,1,13,7,18,7,12,18,13,8,1,15,10,,,,14,7,,15
Hero Damage Done - Most in Game,19176,10301,2951,,3728,519,13539,8765,1191,15346,723,3700,4851,19176,10887,5281,11987,9901,2558,9183,10334,4185,2786,6786,4214,7912,5379,10554,10383,4789,6742,689,11204,6698,342,,,9412,10443,,5864
Barrier Damage Done - Most in Game,6037,,,,,,,,,,,,,,,,,,,,,,,,,,,,,,,,,,,,,,,,
Assists - Most in Game,41,4,8,7,2,,19,4,,5,,10,2,9,3,,6,12,7,13,9,8,,26,3,16,2,10,28,12,29,,5,7,,,,3,,,13
Objective Contest Time - Most in Game,218,,,,,,,,,,,,,,,,,,,,,,,,,,,,,,,,,,,,,,,,
Hero Damage Done - Avg per 10 Min,8414,9514,5498,,8339,3541,10520,9327,2664,14877,13791,7299,6301,11969,8861,14656,12014,9145,3406,10218,8953,5160,4714,3861,9300,7014,5083,9470,9558,4305,5037,2067,12352,9961,1287,,,8448,13787,,4457
Deaths - Avg per 10 Min,5.87,7.52,9.27,8.36,6.71,14.0,7.47,6.93,7.25,10.5,19.06,6.71,5.63,4.48,8.03,10.28,6.73,6.96,12.53,4.8,5.59,4.77,11.27,5.58,6.84,2.12,5.76,7.02,5.72,7.67,6.28,12.0,5.1,9.33,11.29,,,6.68,6.63,,4.92
Eliminations - Avg per 10 Min,20.52,17.7,17.88,,31.32,,26.02,16.17,7.25,24.29,19.06,21.1,24.23,26.85,17.1,24.67,23.41,22.32,7.94,28.79,25.43,26.21,6.44,12.92,13.69,31.76,11.53,18.87,21.21,14.13,13.32,6.0,22.68,20.99,,,,24.6,24.03,,17.82
Assists - Avg per 10 min,7.26,1.77,5.3,14.63,4.47,,3.94,3.08,,5.91,,15.34,1.13,3.89,1.04,4.11,5.65,4.46,6.11,9.6,8.65,9.53,,14.46,2.82,22.23,1.92,3.99,15.82,10.09,13.17,,3.58,7.77,,,,2.12,,,9.1
Healing Done - Avg per 10 Min,3879,1549,,6735,,,,323,,,,7287,120,5007,71.45,,,1331,3788,399,1468,59.96,898,7174,,10262,437,,137,5778,7247,106,,1585,9656,,,246,816,,7702
Final Blows - Avg per 10 Min,11.0,13.28,8.61,,8.95,,17.28,9.24,,14.44,19.06,12.47,11.83,17.73,10.62,14.39,10.76,10.18,2.75,14.04,13.22,14.3,3.22,4.67,6.44,8.47,4.94,8.4,10.43,5.65,5.84,3.0,9.88,8.55,,,,14.5,14.08,,4.92
Time Spent on Fire - Avg per 10 Min,115,138,34,39,136,,82,122,,162,111,125,43,168,80,103,97,90,21,148,171,123,60,79,64,177,34,80,158,76,74,,144,99,,,,131,159,,139
Objective Contest Time - Avg per 10 Min,32,,,,,,,,,,,,,,,,,,,,,,,,,,,,,,,,,,,,,,,,
Solo Kills - Avg per 10 Min,2.2,3.1,2.65,,,,5.14,1.54,,3.28,,3.84,3.94,3.79,1.3,6.17,0.27,1.61,,1.95,2.03,,,0.47,2.42,0.53,1.1,1.79,0.67,0.4,0.6,,2.06,,,,,3.58,0.83,,1.58
Objective Kills - Avg per 10 Min,5.16,4.87,5.96,,6.71,,6.07,6.93,1.81,7.88,19.06,0.96,5.07,5.74,3.89,2.06,4.84,6.25,3.06,3.38,10.17,5.96,1.61,4.4,2.42,11.12,2.47,3.99,5.72,4.84,4.19,,7.81,5.44,,,,5.05,5.8,,4.73
Objective Time - Avg per 10 Min,59,62,17,21,1,11,39,82,19,124,291,22,18,62,42,19,46,38,62,56,73,20,23,56,75,37,80,50,34,49,47,18,133,91,,,,41,62,,80
Time Played,126764,1356,906,287,268,129,8993,1558,331,914,31,626,1065,33742,2316,292,2230,3360,1964,3376,1180,504,373,26974,1490,1133,2186,4357,1783,1487,4010,200,5528,772,159,4,6,3683,724,3,6465
Games Played,275,3,2,1,1,1,20,4,0,2,0,2,2,71,5,1,5,10,4,8,2,1,1,61,4,2,4,10,4,4,8,1,11,1,0,0,0,7,1,0,13
Games Won,151,1,1,1,1,,10,1,0,0,,1,2,45,2,0,1,5,1,4,2,1,,35,1,1,1,4,2,1,5,,5,,0,,,6,1,,8
Games Lost,124,2,0,0,0,1,10,3,0,1,0,0,1,26,2,1,4,6,3,4,0,0,1,25,3,1,4,6,2,2,2,1,6,1,0,0,0,1,0,0,5
Hero Wins,151,1,1,1,1,,10,1,0,0,,1,2,45,2,0,1,5,1,4,2,1,,35,1,1,1,4,2,1,5,,5,,0,,,6,1,,8
Environmental Kills,52,,,,,,9,,,,,,,32,,,,,,,,,,,,,,,,,,,,,,,,,,,8
Objective Time,12459,139,26,10,0,2,583,214,10,188,15,23,32,3489,161,9,170,210,201,313,144,17,15,2508,186,69,291,362,102,122,313,6,1228,117,,,,250,75,,857
Eliminations,4335,40,27,,14,,390,42,4,37,,22,43,1510,66,12,87,125,26,162,50,22,4,581,34,60,42,137,63,35,89,2,209,27,,,,151,29,,192
Hero Damage Done,1777723,21498,8304,,3728,759,157676,24222,1471,22665,723,7611,11183,673063,34204,7130,44654,51210,11149,57492,17604,4331,2927,173575,23100,13250,18521,68767,28397,10665,33659,689,113811,12813,342,,,51861,16641,,48028
Final Blows,2324,30,13,,4,,259,24,,22,,13,21,997,41,7,40,57,9,79,26,12,2,210,16,16,18,61,31,14,39,,91,11,,,,89,17,,53
Deaths,1241,17,14,4,3,3,112,18,4,16,,7,10,252,31,5,25,39,41,27,11,4,7,251,17,4,21,51,17,19,42,4,47,12,3,,,41,8,,53
Damage Done,1777723,,,,,,,,,,,,,,,,,,,,,,,,,,,,,,,,,,,,,,,,
Objective Kills,1091,11,9,,3,,91,18,,12,,,9,323,15,,18,35,10,19,20,5,,198,6,21,9,29,17,12,28,,72,7,,,,31,7,,51
Time Spent on Fire,24341,312,52,19,61,,1228,318,,247,6,130,75,9451,308,50,362,505,70,830,335,103,37,3535,158,335,124,584,469,188,492,,1329,127,,,,805,192,,1503
Melee Final Blows,202,3,4,,,,,,,,,,5,123,,,2,2,,7,,,,15,2,,5,,3,,7,,11,,,,,,2,,8
Objective Contest Time,6672,,,,,,,,,,,,,,,,,,,,,,,,,,,,,,,,,,,,,,,,
Solo Kills,465,7,4,,,,77,4,,5,,4,7,213,5,3,,9,,11,4,,,21,6,,4,13,2,,4,,19,,,,,22,,,17
Multikills,87,,,,,,11,,,,,,,30,3,,3,6,,6,,,,4,,,,2,,,2,,6,,,,,4,,,
of Match on Fire,19,,,,,,,,,,,,,,,,,,,,,,,,,,,,,,,,,,,,,,,,
Defensive Assists,871,,,3,,,,,,,,20,,4,,,12,18,19,,,,,518,,52,,,,31,93,,,9,,,,,,,92
Offensive Assists,745,,,6,,,,,,,,6,,217,,2,10,,16,,17,8,,357,7,,,,,,32,,33,8,,,,,,,25
Healing Done,819568,3499,,3223,,,,838,,,,7598,214,260763,276,,,7451,12400,2247,2887,50,558,322505,,19385,1592,,407,14315,48432,35,,2039,2566,,,1508,985,,82993
Assists,1534,4,8,7,2,,59,8,,9,,16,2,219,4,2,21,25,20,54,17,8,,650,7,42,7,29,47,25,88,,33,10,,,,13,,,98
Card,1,,,,,,,,,,,,,1,,,,,,,,,,,,,,,,,,,,,,,,,,,
Death Blossom Kills,,9,,,,,,,,,,,,,,,,,,,,,,,,,,,,,,,,,,,,,,,
Death Blossom Kills - Most in Game,,5,,,,,,,,,,,,,,,,,,,,,,,,,,,,,,,,,,,,,,,
Self Healing,,3424,1806,179,,,,,,,,86,,281201,,,,5316,3640,,2887,,,16932,,2804,,,,2410,,35,,1945,53,,,,710,,
Self Healing - Most in Game,,1501,830,179,,,,,,,,86,,6858,,,,824,799,,1450,,,771,,1616,,,,681,,35,,708,53,,,,,,
Self Healing - Avg per 10 Min,,1515,1196,375,,,,,,,,82.73,,5000,,,,949,1112,,1468,,,377,,1484,,,,973,,106,,1512,200,,,,588,,
Death Blossom Kills - Avg per 10 Min,,3.98,,,,,,,,,,,,,,,,,,,,,,,,,,,,,,,,,,,,,,,
Eliminations - Most in Life,,9,7,,5,,18,10,3,11,,15,10,28,16,5,15,10,7,22,9,17,,13,7,18,7,12,18,13,8,,15,10,,,,14,7,,15
All Damage Done - Most in Life,,3405,2011,,2083,519,9600,5028,811,6747,495,3031,2541,15302,5293,2385,9194,4939,2234,8192,10143,4110,1367,3249,5695,4287,4248,4936,8226,3141,4569,353,11740,4162,333,,,4110,3671,,4191
Weapon Accuracy - Best in Game,,51,55,,47,,88,100,24,57,100,35,36,57,60,44,68,47,71,37,52,39,23,72,52,,51,51,31,50,40,12,81,43,23,,,,46,,58
Critical Hits - Most in Game,,204,31,,,,,,,9,,3,10,403,13,,,22,10,309,,33,35,,43,,70,13,49,14,14,,,67,,,,37,22,,146
Critical Hits - Most in Life,,65,16,,,,,,,3,,2,5,285,7,,,14,6,209,,29,13,,23,,55,8,42,7,8,,,36,,,,,11,,83
Hero Damage Done - Most in Life,,3330,2011,,1358,519,8331,3766,811,5768,495,2781,2023,13315,5293,2285,7541,4084,1864,5976,2733,3633,1367,3036,2898,4036,4247,4885,7564,3141,4029,353,7327,3413,290,,,4110,3671,,3363
Obj Contest Time - Most in Game,,97,8,8,0,2,64,65,6,50,7,6,13,158,22,9,33,19,54,43,68,6,10,129,23,38,98,67,23,40,51,6,218,30,,,,64,12,,149
Obj Contest Time - Avg per 10 Min,,60,16,17,1,11,21,52,12,48,131,6,15,35,13,19,28,12,59,31,58,7,16,23,37,31,66,22,25,24,20,18,68,30,,,,33,16,,46
Melee Final Blows - Avg per 10 Min,,1.33,2.65,,,,,,,,,,2.82,2.19,,2.06,0.54,0.36,0.31,1.24,,1.19,,0.33,0.81,,1.37,,1.01,,1.05,,1.19,,,,,,1.66,,0.74
All Damage Done - Avg per 10 Min,,9629,5690,,12107,3938,12152,11073,3253,16388,13791,8067,7128,13306,9526,16415,13974,10335,3907,12313,30650,5728,4714,4382,10889,7640,6176,10086,11265,4744,5629,2067,15288,11645,2013,,,9021,15947,,4992
Critical Hits - Avg per 10 Min,,165,66.87,,2.24,,,,1.81,9.19,,4.8,10.71,250,6.99,,,26.25,11.0,318,,44.08,59.58,,50.73,,45.83,10.19,36.02,16.95,10.18,,,127,3.76,,,30.95,31.48,,99.68
Eliminations per Life,,2.35,1.93,,4.67,,3.48,2.33,,2.31,,3.14,4.3,5.99,2.13,2.4,3.48,3.21,0.63,6,4.55,5.5,0.57,2.31,2,15,2,2.69,3.71,1.84,2.12,0.5,4.45,2.25,,,,3.68,3.63,,3.62
Win Percentage,,40,74,79,100,,51,28,81,16,,91,74,63,48,32,23,44,29,53,100,88,,58,30,64,14,38,58,32,69,,43,,100,,,81,76,,62
All Damage Done,,21756,8594,,5412,844,182136,28758,1796,24969,723,8411,12650,748247,36772,7985,51938,57873,12789,69280,60262,4808,2927,196989,27046,14432,22505,73239,33468,11752,37618,689,140864,14979,535,,,55377,19249,,53791
Multikill,,1,,,,,,,,1,,1,,,,1,,,,,1,1,,,,1,,,1,,,,,,,,,,1,,1
Critical Hits,,372,101,,,,,,,14,,5,19,14084,27,,,147,36,1787,,37,37,,126,,167,74,107,42,68,,,163,,,,,38,,1074
Obj Contest Time,,136,25,8,0,2,310,134,6,74,7,6,26,1969,49,9,104,66,194,174,114,6,10,1044,92,58,241,161,73,58,131,6,625,39,,,,200,19,,494
Critical Hit Accuracy,,9,7,,1,,,,5,1,,6,8,17,5,,,7,8,8,,8,14,,9,,8,9,9,10,12,,,8,10,,,,8,,5
Weapon Accuracy,,38,31,,47,,53,56,17,40,100,32,30,33,42,42,53,36,27,30,51,33,18,50,34,,26,41,26,30,33,12,56,32,23,,,,43,,39
Pulse Bomb Kills,,,4,,,,,,,,,,,,,,,,,,,,,,,,,,,,,,,,,,,,,,
Pulse Bomb Kills - Most in Game,,,2,,,,,,,,,,,,,,,,,,,,,,,,,,,,,,,,,,,,,,
Pulse Bomb Attached - Most in Game,,,1,,,,,,,,,,,,,,,,,,,,,,,,,,,,,,,,,,,,,,
Pulse Bomb Attached,,,1,,,,,,,,,,,,,,,,,,,,,,,,,,,,,,,,,,,,,,
Low Health Recalls,,,7,,,,,,,,,,,,,,,,,,,,,,,,,,,,,,,,,,,,,,
Low Health Recalls - Most in Game,,,7,,,,,,,,,,,,,,,,,,,,,,,,,,,,,,,,,,,,,,
Low Health Recalls - Avg per 10 Min,,,4.63,,,,,,,,,,,,,,,,,,,,,,,,,,,,,,,,,,,,,,
Pulse Bomb Kills - Avg per 10 Min,,,2.65,,,,,,,,,,,,,,,,,,,,,,,,,,,,,,,,,,,,,,
Pulse Bomb Attach Rate,,,25,,,,,,,,,,,,,,,,,,,,,,,,,,,,,,,,,,,,,,
Pulse Bombs Attached - Avg per 10 Min,,,0.66,,,,,,,,,,,,,,,,,,,,,,,,,,,,,,,,,,,,,,
Melee Final Blow - Most in Game,,,1,,,,,,,,,,,,,1,,,1,,,1,,1,,,,,1,,,,,,,,,,1,,
Critical Hit Kill - Most in Game,,,1,,,,,,,1,,,1,,,,,,,,,,,,1,,1,,1,,,,,1,,,,,,,
Critical Hit Kills - Avg per 10 Min,,,0.66,,,,,,,0.66,,,0.56,5.71,1.3,,,0.89,,1.78,,2.38,,,1.21,,0.55,1.65,0.67,1.61,1.8,,,0.78,,,,,,,0.84
Critical Hit Kill,,,1,,,,,,,1,,,1,,,,,,,,,,,,,,,,,,,,,1,,,,,,,
Players Resurrected,,,,2,,,,,,,,,,,,,,,,,,,,,,,,,,,,,,,,,,,,,
Players Resurrected - Most in Game,,,,2,,,,,,,,,,,,,,,,,,,,,,,,,,,,,,,,,,,,,
Damage Amplified,,,,933,,,,,,,,1720,,,,,,,,,,,,21920,,,,,,950,,,,,,,,,,,
Damage Amplified - Most in Game,,,,876,,,,,,,,836,,,,,,,,,,,,1076,,,,,,357,,,,,,,,,,,
Valkyrie Healing Done,,,,612,,,,,,,,,,,,,,,,,,,,,,,,,,,,,,,,,,,,,
Valkyrie Healing Done - Most in Game,,,,612,,,,,,,,,,,,,,,,,,,,,,,,,,,,,,,,,,,,,
Damage Amplified - Avg per 10 Min,,,,1950,,,,,,,,1649,,,,,,,,,,,,488,,,,,,384,,,,,,,,,,,
Players Resurrected - Avg per 10 Min,,,,4.18,,,,,,,,,,,,,,,,,,,,,,,,,,,,,,,,,,,,,
Healing Beam Usage,,,,33,,,,,,,,,,,,,,,,,,,,,,,,,,,,,,,,,,,,,
Offensive Beam Usage,,,,67,,,,,,,,,,,,,,,,,,,,,,,,,,,,,,,,,,,,,
Valkyrie Healing Done - Avg per 10 Min,,,,1279,,,,,,,,,,,,,,,,,,,,,,,,,,,,,,,,,,,,,
Offensive Assists - Avg per 10 Min,,,,12.54,,,,,,,,5.75,,3.86,,4.11,2.69,,4.89,,8.65,9.53,,7.94,2.82,,,,,0.4,4.79,,3.58,6.22,,,,,,,2.32
Defensive Assists - Avg per 10 Min,,,,6.27,,,,,,,,19.18,,0.07,,,3.23,3.21,5.8,,,,,11.52,,27.53,,,,12.51,13.92,,,7.0,,,,,,,8.54
Turret Kills,,,,,10,,,,,,,,,,,,,,,,,,,,,,,,,,,,,,,,,,,,
Turret Kills - Most in Game,,,,,10,,,,,,,,,,,,,,,,,,,,,,,,,,,,,,,,,,,,
Molten Core Kills,,,,,3,,,,,,,,,,,,,,,,,,,,,,,,,,,,,,,,,,,,
Molten Core Kills - Most in Game,,,,,3,,,,,,,,,,,,,,,,,,,,,,,,,,,,,,,,,,,,
Overload Kill,,,,,1,,,,,,,,,,,,,,,,,,,,,,,,,,,,,,,,,,,,
Overload Kill - Most in Game,,,,,1,,,,,,,,,,,,,,,,,,,,,,,,,,,,,,,,,,,,
Molten Core Kills - Avg per 10 Min,,,,,6.71,,,,,,,,,,,,,,,,,,,,,,,,,,,,,,,,,,,,
Turret Kills - Avg per 10 Min,,,,,22.37,,,,,,,,,,,,,,,,,,,,,,,,,,,,,,,,,,,,
Critical Hit - Most in Game,,,,,1,,,,1,,,,,,,,,,,,,,,,,,,,,,,,,,1,,,,,,
Critical Hit - Most in Life,,,,,1,,,,1,,,,,,,,,,,,,,,,,,,,,,,,,,1,,,,,,
Critical Hit,,,,,1,,,,1,,,,,,,,,,,,,,,,,,,,,,,,,,1,,,,,,
Fire Strike Accuracy,,,,,,40,,,,,,,,,,,,,,,,,,,,,,,,,,,,,,,,,,,
Rocket Direct Hits,,,,,,,657,,,,,,,,,,,,,,,,,,,,,,,,,,,,,,,,,,
Barrage Kills,,,,,,,92,,,,,,,,,,,,,,,,,,,,,,,,,,,,,,,,,,
Rocket Direct Hits - Most in Game,,,,,,,62,,,,,,,,,,,,,,,,,,,,,,,,,,,,,,,,,,
Barrage Kills - Most in Game,,,,,,,9,,,,,,,,,,,,,,,,,,,,,,,,,,,,,,,,,,
Long Range Final Blows,,,,,,,11,,,,,,,,,,,6,,,,,,,,,,16,,,,,,,,,,,,,
Long Range Final Blows - Most in Game,,,,,,,2,,,,,,,,,,,3,,,,,,,,,,3,,,,,,,,,,,,,
Long Range Final Blows - Avg per 10 Min,,,,,,,0.73,,,,,,,,0.26,,,1.07,,,,,,,,,,2.2,,,,,,,,,,,,,
Barrage Kills - Avg per 10 Min,,,,,,,6.14,,,,,,,,,,,,,,,,,,,,,,,,,,,,,,,,,,
Airtime Percentage,,,,,,,68,,,,,,,,,,,,,,,,,,,,,,,,,,,,,,,,,,
Direct Hit Accuracy,,,,,,,19,,,,,,,,,37,,,,,,,,,,,,,,,,,35,,,,,,,,
Rocket Direct Hits - Avg per 10 Min,,,,,,,43.84,,,,,,,,,,,,,,,,,,,,,,,,,,,,,,,,,,
Knockback Kills,,,,,,,28,7,,,,,,239,,4,,,13,48,,,2,,,,21,20,,,,,,,,,,,,,66
Knockback Kills - Most in Game,,,,,,,5,3,,,,,,9,,2,,,5,11,,,2,,,,8,5,,,,,,,,,,,,,10
Knockback Kills - Avg per 10 Min,,,,,,,1.87,2.7,,,,,,4.25,,8.22,,,3.97,8.53,,,3.22,,,,5.76,2.75,,,,,,,,,,,,,6.13
Environmental Kills - Avg per 10 Min,,,,,,,0.6,,,,,,,0.57,,,,,,,,,,,0.4,,0.27,,,,,,0.11,,,,,,,,0.74
Jump Pack Kills,,,,,,,,20,,,,,,,,,,,,,,,,,,,,,,,,,,,,,,,,,
Jump Pack Kills - Most in Game,,,,,,,,10,,,,,,,,,,,,,,,,,,,,,,,,,,,,,,,,,
Primal Rage Kills,,,,,,,,4,,,,,,,,,,,,,,,,,,,,,,,,,,,,,,,,,
Primal Rage Kills - Most in Game,,,,,,,,2,,,,,,,,,,,,,,,,,,,,,,,,,,,,,,,,,
Melee Kills,,,,,,,,11,,,,,,,,,,,,,,,,,,,,,,,,,,,,,,,,,
Jump Kills,,,,,,,,20,,,,,,,,,,,,,,,,,,,,,,,,,,,,,,,,,
Weapon Kills,,,,,,,,39,,,,,,,,,,,,,,,,,,,,,,,,,,,,,,,,,
Primal Rage Damage,,,,,,,,2000,,,,,,,,,,,,,,,,,,,,,,,,,,,,,,,,,
Jump Pack Kills - Avg per 10 Min,,,,,,,,7.7,,,,,,,,,,,,,,,,,,,,,,,,,,,,,,,,,
Primal Rage Kills  - Avg per 10 Min,,,,,,,,1.54,,,,,,,,,,,,,,,,,,,,,,,,,,,,,,,,,
Secondary Fire Accuracy,,,,,,,,56,,,100,,,,,,51,,,,,,,,,48,,,,,,,,,49,,,,,,
Primary Fire Accuracy,,,,,,,,63,,,63,,,,,,48,,,,,,,,,,,,,,,,,,23,,,,,,
Venom Mine Kill,,,,,,,,,1,,,,,,,,,,,,,,,,,,,,,,,,,,,,,,,,
Venom Mine Kill - Most in Game,,,,,,,,,1,,,,,,,,,,,,,,,,,,,,,,,,,,,,,,,,
Scoped Accuracy - Best in Game,,,,,,,,,31,,,,,,,,,,,,,,,100,,,,57,,,,,,,,,,,45,,
Scoped Accuracy,,,,,,,,,30,,,,,,,,,,,,,,,60,,,,41,,,,,,,,,,,42,,
Venom Mine Kills - Avg per 10 Min,,,,,,,,,1.81,,,,,,,,,,,,,,,,,,,,,,,,,,,,,,,,
Objective Kill - Most in Game,,,,,,,,,1,,1,1,,,,1,,,,,,,1,,,,,,,,,,,,,,,,,,
Elimination per Life,,,,,,,,,1,,1,,,,,,,,,,,,,,,,,,,,,,,,,,,,,,
Objective Kill,,,,,,,,,1,,1,1,,,,1,,,,,,,1,,,,,,,,,,,,,,,,,,
Artillery Kills,,,,,,,,,,6,,,,,,,,,,,,,,,,,,,,,,,,,,,,,,,
Artillery Kills - Most in Game,,,,,,,,,,4,,,,,,,,,,,,,,,,,,,,,,,,,,,,,,,
Recon Kills,,,,,,,,,,18,,,,,,,,,,,,,,,,,,,,,,,,,,,,,,,
Recon Kills - Most in Game,,,,,,,,,,9,,,,,,,,,,,,,,,,,,,,,,,,,,,,,,,
Assault Kills,,,,,,,,,,11,,,,,,,,,,,,,,,,,,,,,,,,,,,,,,,
Tank Kills - Most in Game,,,,,,,,,,6,,,,,,,,,,,,,,,,,,,,,,,,,,,,,,,
Tactical Grenade Kills,,,,,,,,,,13,,,,,,,,,,,,,,,,,,,,,,,,,,,,,,,
Tactical Grenade Kills - Most in Game,,,,,,,,,,7,,,,,,,,,,,,,,,,,,,,,,,,,,,,,,,
Tactical Grenade Kills - Avg per 10 Min,,,,,,,,,,8.53,,,,,,,,,,,,,,,,,,,,,,,,,,,,,,,
Recon Kills - Avg per 10 Min,,,,,,,,,,11.81,,,,,,,,,,,,,,,,,,,,,,,,,,,,,,,
Artillery Kills - Avg per 10 Min,,,,,,,,,,3.94,,,,,,,,,,,,,,,,,,,,,,,,,,,,,,,
Assault Kills - Avg per 10 Min,,,,,,,,,,7.22,,,,,,,,,,,,,,,,,,,,,,,,,,,,,,,
Sentry Turret Kill,,,,,,,,,,,1,,,,,,,,,,,,,,,,,,,,,,,,,,,,,,
Sentry Turret Kill - Most in Game,,,,,,,,,,,1,,,,,,,,,,,,,,,,,,,,,,,,,,,,,,
Players Teleported,,,,,,,,,,,2,,,,,,,,,,,,,,,,,,,,,,,,,,,,,,
Players Teleported - Most in Game,,,,,,,,,,,2,,,,,,,,,,,,,,,,,,,,,,,,,,,,,,
Secondary Direct Hit,,,,,,,,,,,1,,,,,,,,,,,,,,,,,,,,,,,,,,,,,,
Players Teleported - Avg per 10 Min,,,,,,,,,,,38.13,,,,,,,,,,,,,,,,,,,,,,,,,,,,,,
Sentry Turret Kills - Avg per 10 Min,,,,,,,,,,,19.06,,,,,,,,,,,,,,,,,,,,,,,,,,,,,,
Average Damage Multiplier,,,,,,,,,,,2.47,,,,,,,,,,,,,,,,,,,,,,,,,,,,,,
Secondary Direct Hits - Avg per 10 Min,,,,,,,,,,,19.06,,,,,,,,,,,,,,,,,,,,,,,,,,,,,,
Elimination - Most in Life,,,,,,,,,,,1,,,,,,,,,,,,1,,,,,,,,,1,,,,,,,,,
Elimination - Most in Game,,,,,,,,,,,1,,,,,,,,,,,,,,,,,,,,,,,,,,,,,,
Final Blow - Most in Game,,,,,,,,,,,1,,,,,,,,,,,,,,,,,,,,,1,,,,,,,,,
Elimination,,,,,,,,,,,1,,,,,,,,,,,,,,,,,,,,,,,,,,,,,,
Death,,,,,,,,,,,1,,,,,,,,,,,,,,,,,,,,,,,,,,,,,,
Final Blow,,,,,,,,,,,1,,,,,,,,,,,,,,,,,,,,,1,,,,,,,,,
Transcendence Healing - Most in Game,,,,,,,,,,,,613,,,,,,,,,,,,,,,,,,,,,,,,,,,,,
Transcendence Healing,,,,,,,,,,,,1221,,,,,,,,,,,,,,,,,,,,,,,,,,,,,
Charged Volley Kills,,,,,,,,,,,,8,,,,,,,,,,,,,,,,,,,,,,,,,,,,,
Charged Volley Kills - Most in Game,,,,,,,,,,,,6,,,,,,,,,,,,,,,,,,,,,,,,,,,,,
Charged Volley Accuracy,,,,,,,,,,,,28,,,,,,,,,,,,,,,,,,,,,,,,,,,,,
Charged Volley Kills - Avg per 10 Min,,,,,,,,,,,,7.67,,,,,,,,,,,,,,,,,,,,,,,,,,,,,
Transcendence Efficiency,,,,,,,,,,,,611,,,,,,,,,,,,,,,,,,,,,,,,,,,,,
Dragonblade Kills,,,,,,,,,,,,,2,,,,,,,,,,,,,,,,,,,,,,,,,,,,
Dragonblade Kill - Most in Game,,,,,,,,,,,,,1,,,,,,,,,,,,,,,,,,,,,,,,,,,,
Damage Reflected,,,,,,,,,,,,,2990,,,,,,,,,,,,,,,,,,,,,,,,,,,,
Damage Reflected - Most in Game,,,,,,,,,,,,,1193,,,,,,,,,,,,,,,,,,,,,,,,,,,,
Swift Strike Resets,,,,,,,,,,,,,35,,,,,,,,,,,,,,,,,,,,,,,,,,,,
Swift Strike Resets - Most in Game,,,,,,,,,,,,,35,,,,,,,,,,,,,,,,,,,,,,,,,,,,
Dragonblade Kills - Avg per 10 Min,,,,,,,,,,,,,1.13,,,,,,,,,,,,,,,,,,,,,,,,,,,,
Damage Reflected - Avg per 10 Min,,,,,,,,,,,,,1684,,,,,,,,,,,,,,,,,,,,,,,,,,,,
Swift Strike Resets - Avg per 10 Min NYI,,,,,,,,,,,,,19.72,,,,,,,,,,,,,,,,,,,,,,,,,,,,
Whole Hog Kills - Most in Game,,,,,,,,,,,,,,9,,,,,,,,,,,,,,,,,,,,,,,,,,,
Whole Hog Kills,,,,,,,,,,,,,,239,,,,,,,,,,,,,,,,,,,,,,,,,,,
Chain Hook Accuracy - Best in Game,,,,,,,,,,,,,,100,,,,,,,,,,,,,,,,,,,,,,,,,,,
Chain Hook Kills,,,,,,,,,,,,,,823,,,,,,,,,,,,,,,,,,,,,,,,,,,
Chain Hook Kills - Avg per 10 Min,,,,,,,,,,,,,,14.63,,,,,,,,,,,,,,,,,,,,,,,,,,,
Chain Hook Accuracy,,,,,,,,,,,,,,59,,,,,,,,,,,,,,,,,,,,,,,,,,,
Whole Hog Kills - Avg per 10 Min,,,,,,,,,,,,,,4.25,,,,,,,,,,,,,,,,,,,,,,,,,,,
Critical Hit Kills - Most in Game,,,,,,,,,,,,,,11,2,,,2,,4,,2,,,,,,3,,2,2,,,,,,,,,,2
Critical Hit Kills,,,,,,,,,,,,,,321,5,,,5,,10,,2,,,3,,2,12,2,4,12,,,,,,,,,,9
Deadeye Kills,,,,,,,,,,,,,,,14,,,,,,,,,,,,,,,,,,,,,,,,,,
Deadeye Kills - Most in Game,,,,,,,,,,,,,,,6,,,,,,,,,,,,,,,,,,,,,,,,,,
Fan the Hammer Kills,,,,,,,,,,,,,,,6,,,,,,,,,,,,,,,,,,,,,,,,,,
Fan the Hammer Kills - Most in Game,,,,,,,,,,,,,,,3,,,,,,,,,,,,,,,,,,,,,,,,,,
Flashbang Kills,,,,,,,,,,,,,,,16,,,,,,,,,,,,,,,,,,,,,,,,,,
Flashbang Kills - Most in Game,,,,,,,,,,,,,,,8,,,,,,,,,,,,,,,,,,,,,,,,,,
Long Range Final Blow,,,,,,,,,,,,,,,1,,,,,,,,,,,,,,,,,,,,,,,,,,
Deadeye Kills - Avg per 10 Min,,,,,,,,,,,,,,,3.63,,,,,,,,,,,,,,,,,,,,,,,,,,
Flashbang Kills - Avg per 10 Min,,,,,,,,,,,,,,,4.14,,,,,,,,,,,,,,,,,,,,,,,,,,
Fan the Hammer Kills - Avg per 10 Min,,,,,,,,,,,,,,,1.55,,,,,,,,,,,,,,,,,,,,,,,,,,
Enemy Trapped - Most in Game,,,,,,,,,,,,,,,,1,,,,,,,,,,,,,,,,,,,,,,,,,
Enemy Trapped,,,,,,,,,,,,,,,,1,,,,,,,,,,,,,,,,,,,,,,,,,
RIP-Tire Kills - Most in Game,,,,,,,,,,,,,,,,3,,,,,,,,,,,,,,,,,,,,,,,,,
RIP-Tire Kills,,,,,,,,,,,,,,,,3,,,,,,,,,,,,,,,,,,,,,,,,,
Concussion Mine Kills,,,,,,,,,,,,,,,,4,,,,,,,,,,,,,,,,,,,,,,,,,
Concussion Mine Kills - Most in Game,,,,,,,,,,,,,,,,2,,,,,,,,,,,,,,,,,,,,,,,,,
Concussion Mine Kills - Avg per 10 Min,,,,,,,,,,,,,,,,8.22,,,,,,,,,,,,,,,,,,,,,,,,,
RIP-Tire Kills - Avg per 10 Min,,,,,,,,,,,,,,,,6.17,,,,,,,,,,,,,,,,,,,,,,,,,
Enemies Trapped - Avg per 10 Min,,,,,,,,,,,,,,,,2.06,,,,,,,,,,,,,,,,,,,,,,,,,
Assist - Most in Game,,,,,,,,,,,,,,,,1,,,,,,,,,,,,,,,,,,,,,,,,,
Melee Final Blow,,,,,,,,,,,,,,,,1,,,1,,,1,,,,,,,,,,,,,,,,,,,
Offensive Assist - Most in Game,,,,,,,,,,,,,,,,1,,,,,,,,,,,,,,1,,,,,,,,,,,
Graviton Surge Kills,,,,,,,,,,,,,,,,,18,,,,,,,,,,,,,,,,,,,,,,,,
Graviton Surge Kills - Most in Game,,,,,,,,,,,,,,,,,9,,,,,,,,,,,,,,,,,,,,,,,,
High Energy Kills - Most in Game,,,,,,,,,,,,,,,,,22,,,,,,,,,,,,,,,,,,,,,,,,
High Energy Kills,,,,,,,,,,,,,,,,,53,,,,,,,,,,,,,,,,,,,,,,,,
Average Energy - Best in Game,,,,,,,,,,,,,,,,,61,,,,,,,,,,,,,,,,,,,,,,,,
Average Energy,,,,,,,,,,,,,,,,,39,,,,,,,,,,,,,,,,,,,,,,,,
Graviton Surge Kills - Avg per 10 Min,,,,,,,,,,,,,,,,,4.84,,,,,,,,,,,,,,,,,,,,,,,,
High Energy Kills - Avg per 10 Min,,,,,,,,,,,,,,,,,14.26,,,,,,,,,,,,,,,,,,,,,,,,
Solo Kill - Most in Game,,,,,,,,,,,,,,,,,1,,,,,,,,,1,,,1,1,,,,,,,,,1,,
Solo Kill,,,,,,,,,,,,,,,,,1,,,,,,,,,1,,,,1,,,,,,,,,1,,
Helix Rocket Kills - Most in Game,,,,,,,,,,,,,,,,,,10,,,,,,,,,,,,,,,,,,,,,,,
Helix Rocket Kills,,,,,,,,,,,,,,,,,,57,,,,,,,,,,,,,,,,,,,,,,,
Tactical Visor Kills,,,,,,,,,,,,,,,,,,14,,,,,,,,,,,,,,,,,,,,,,,
Tactical Visor Kills - Most in Game,,,,,,,,,,,,,,,,,,5,,,,,,,,,,,,,,,,,,,,,,,
Tactical Visor Kills - Avg per 10 Min,,,,,,,,,,,,,,,,,,2.5,,,,,,,,,,,,,,,,,,,,,,,
Helix Rocket Accuracy,,,,,,,,,,,,,,,,,,64,,,,,,,,,,,,,,,,,,,,,,,
Helix Rocket Kills - Avg per 10 Min,,,,,,,,,,,,,,,,,,10.18,,,,,,,,,,,,,,,,,,,,,,,
Sound Barriers Provided,,,,,,,,,,,,,,,,,,,11,,,,,,,,,,,,,,,,,,,,,,
Sound Barriers Provided - Most in Game,,,,,,,,,,,,,,,,,,,4,,,,,,,,,,,,,,,,,,,,,,
Players Knocked Back,,,,,,,,,,,,,,,,,,,71,,,,,,,,,,,,,,,,,,,,,,
Players Knocked Back - Most in Game,,,,,,,,,,,,,,,,,,,17,,,,,,,,,,,,,,,,,,,,,,
Sound Barrier Damage Mitigated,,,,,,,,,,,,,,,,,,,1234,,,,,,,,,,,,,,,,,,,,,,
Players Knocked Back - Avg per 10 Min,,,,,,,,,,,,,,,,,,,21.69,,,,,,,,,,,,,,,,,,,,,,
Healing Boost Usage,,,,,,,,,,,,,,,,,,,35,,,,,,,,,,,,,,,,,,,,,,
Speed Boost Usage,,,,,,,,,,,,,,,,,,,65,,,,,,,,,,,,,,,,,,,,,,
Sound Barriers Provided - Avg per 10 Min,,,,,,,,,,,,,,,,,,,3.36,,,,,,,,,,,,,,,,,,,,,,
Self-Destruct Kills,,,,,,,,,,,,,,,,,,,,18,,,,,,,,,,,,,,,,,,,,,
Self-Destruct Kills - Most in Game,,,,,,,,,,,,,,,,,,,,6,,,,,,,,,,,,,,,,,,,,,
Ultimate Negated,,,,,,,,,,,,,,,,,,,,1,,,,,,,,,,,,,1,,,,,,,,
Ultimate Negated - Most in Game,,,,,,,,,,,,,,,,,,,,1,,,,,,,,,,,,,1,,,,,,,,
Micro Missile Kills,,,,,,,,,,,,,,,,,,,,74,,,,,,,,,,,,,,,,,,,,,
Call Mech Kills,,,,,,,,,,,,,,,,,,,,2,,,,,,,,,,,,,,,,,,,,,
Micro Missile Kills - Most in Game,,,,,,,,,,,,,,,,,,,,15,,,,,,,,,,,,,,,,,,,,,
Call Mech Kill - Most in Game,,,,,,,,,,,,,,,,,,,,1,,,,,,,,,,,,,,,,,,,,,
Self-Destruct Kills - Avg per 10 Min,,,,,,,,,,,,,,,,,,,,3.2,,,,,,,,,,,,,,,,,,,,,
Ultimates Negated - Avg per 10 Min,,,,,,,,,,,,,,,,,,,,0.18,,,,,,,,,,,,,0.11,,,,,,,,
Micro Missile Kills - Avg per 10 Min,,,,,,,,,,,,,,,,,,,,13.15,,,,,,,,,,,,,,,,,,,,,
Call Mech Kills - Avg per 10 Min,,,,,,,,,,,,,,,,,,,,3.2,,,,,,,,,,,,,,,,,,,,,
Enemies Frozen,,,,,,,,,,,,,,,,,,,,,5,,,,,,,,,,,,,,,,,,,,
Enemies Frozen - Most in Game,,,,,,,,,,,,,,,,,,,,,3,,,,,,,,,,,,,,,,,,,,
Blizzard Kills - Most in Game,,,,,,,,,,,,,,,,,,,,,3,,,,,,,,,,,,,,,,,,,,
Blizzard Kills,,,,,,,,,,,,,,,,,,,,,6,,,,,,,,,,,,,,,,,,,,
Icicle Accuracy,,,,,,,,,,,,,,,,,,,,,30,,,,,,,,,,,,,,,,,,,,
Icicle Critical Accuracy,,,,,,,,,,,,,,,,,,,,,9,,,,,,,,,,,,,,,,,,,,
Blizzard Kills - Avg per 10 Min,,,,,,,,,,,,,,,,,,,,,3.05,,,,,,,,,,,,,,,,,,,,
Enemies Frozen - Avg per 10 Min,,,,,,,,,,,,,,,,,,,,,2.54,,,,,,,,,,,,,,,,,,,,
Enemies Hacked,,,,,,,,,,,,,,,,,,,,,,22,,,,,,,,,,,,,,,,,,,
Enemies Hacked - Most in Game,,,,,,,,,,,,,,,,,,,,,,21,,,,,,,,,,,,,,,,,,,
EMP Kills,,,,,,,,,,,,,,,,,,,,,,2,,,,,,,,,,,,,,,,,,,
EMP Kills - Most in Game,,,,,,,,,,,,,,,,,,,,,,2,,,,,,,,,,,,,,,,,,,
Low Health Teleports,,,,,,,,,,,,,,,,,,,,,,3,,,,,,,,,,,,,,,,,,,
Low Health Teleports - Most in Game,,,,,,,,,,,,,,,,,,,,,,3,,,,,,,,,,,,,,,,,,,
Low Health Teleports - Avg per 10 Min,,,,,,,,,,,,,,,,,,,,,,3.57,,,,,,,,,,,,,,,,,,,
Virus Accuracy,,,,,,,,,,,,,,,,,,,,,,11,,,,,,,,,,,,,,,,,,,
EMP Kills - Avg per 10 Min,,,,,,,,,,,,,,,,,,,,,,2.38,,,,,,,,,,,,,,,,,,,
Enemies Hacked - Avg per 10 Min,,,,,,,,,,,,,,,,,,,,,,26.21,,,,,,,,,,,,,,,,,,,
Overhealth Created,,,,,,,,,,,,,,,,,,,,,,,975,,,,,,,,,,16824,2372,,,,,,,
Overhealth Created - Most in Game,,,,,,,,,,,,,,,,,,,,,,,975,,,,,,,,,,2168,1266,,,,,,,
Rocket Punch Kills,,,,,,,,,,,,,,,,,,,,,,,2,,,,,,,,,,,,,,,,,,
Seismic Slam Kills,,,,,,,,,,,,,,,,,,,,,,,3,,,,,,,,,,,,,,,,,,
Seismic Slam Kills - Most in Game,,,,,,,,,,,,,,,,,,,,,,,3,,,,,,,,,,,,,,,,,,
Rocket Punch Kills - Most in Game,,,,,,,,,,,,,,,,,,,,,,,2,,,,,,,,,,,,,,,,,,
Overhealth Created - Avg per 10 Min,,,,,,,,,,,,,,,,,,,,,,,1570,,,,,,,,,,1826,1844,,,,,,,
Seismic Slam Kills - Avg per 10 Min,,,,,,,,,,,,,,,,,,,,,,,4.83,,,,,,,,,,,,,,,,,,
Rocket Punch Kills - Avg per 10 Min,,,,,,,,,,,,,,,,,,,,,,,3.22,,,,,,,,,,,,,,,,,,
Enemies Slept,,,,,,,,,,,,,,,,,,,,,,,,237,,,,,,,,,,,,,,,,,
Nano Boost Assists,,,,,,,,,,,,,,,,,,,,,,,,64,,,,,,,,,,,,,,,,,
Unscoped Accuracy - Best in Game,,,,,,,,,,,,,,,,,,,,,,,,79,,,,,,,,,,,,,,,,,
Enemies Slept - Most in Game,,,,,,,,,,,,,,,,,,,,,,,,11,,,,,,,,,,,,,,,,,
Nano Boost Assists - Most in Game,,,,,,,,,,,,,,,,,,,,,,,,9,,,,,,,,,,,,,,,,,
Biotic Grenade Kills,,,,,,,,,,,,,,,,,,,,,,,,271,,,,,,,,,,,,,,,,,
Healing Amplified,,,,,,,,,,,,,,,,,,,,,,,,28993,,,,,,581,,,,,,,,,,,
Healing Amplified - Most in Game,,,,,,,,,,,,,,,,,,,,,,,,1500,,,,,,281,,,,,,,,,,,
Healing Amplified - Avg per 10 Min,,,,,,,,,,,,,,,,,,,,,,,,645,,,,,,234,,,,,,,,,,,
Biotic Grenade Kills - Avg per 10 Min,,,,,,,,,,,,,,,,,,,,,,,,6.03,,,,,,,,,,,,,,,,,
Enemies Slept - Avg per 10 Min,,,,,,,,,,,,,,,,,,,,,,,,5.27,,,,,,,,,,,,,,,,,
Nano Boost Assists - Avg per 10 Min,,,,,,,,,,,,,,,,,,,,,,,,1.42,,,,,,,,,,,,,,,,,
Sleep Dart Accuracy,,,,,,,,,,,,,,,,,,,,,,,,42,,,,,,,,,,,,,,,,,
Unscoped Accuracy,,,,,,,,,,,,,,,,,,,,,,,,54,,,,,,,,,,,,,,,,,
Terra Surge Kills,,,,,,,,,,,,,,,,,,,,,,,,,3,,,,,,,,,,,,,,,,
Terra Surge Kills - Most in Game,,,,,,,,,,,,,,,,,,,,,,,,,2,,,,,,,,,,,,,,,,
Energy Javelin Kills,,,,,,,,,,,,,,,,,,,,,,,,,12,,,,,,,,,,,,,,,,
Javelin Spin Kills,,,,,,,,,,,,,,,,,,,,,,,,,9,,,,,,,,,,,,,,,,
Energy Javelin Kills NYI,,,,,,,,,,,,,,,,,,,,,,,,,3,,,,,,,,,,,,,,,,
Javelin Spin Kills NYI,,,,,,,,,,,,,,,,,,,,,,,,,4,,,,,,,,,,,,,,,,
Terra Surge Kills - Avg per 10 Min,,,,,,,,,,,,,,,,,,,,,,,,,1.21,,,,,,,,,,,,,,,,
Javelin Spin Kills - Avg per 10 Min,,,,,,,,,,,,,,,,,,,,,,,,,0,,,,,,,,,,,,,,,,
Energy Javelin Accuracy,,,,,,,,,,,,,,,,,,,,,,,,,41,,,,,,,,,,,,,,,,
Energy Javelin Kills - Avg per 10 Min,,,,,,,,,,,,,,,,,,,,,,,,,4.83,,,,,,,,,,,,,,,,
Environmental Kill - Most in Game,,,,,,,,,,,,,,,,,,,,,,,,,1,,1,,,,,,1,,,,,,,,
Environmental Kill,,,,,,,,,,,,,,,,,,,,,,,,,1,,1,,,,,,1,,,,,,,,
Coalescence Kills,,,,,,,,,,,,,,,,,,,,,,,,,,11,,,,,,,,,,,,,,,
Coalescence Kills - Most in Game,,,,,,,,,,,,,,,,,,,,,,,,,,5,,,,,,,,,,,,,,,
Coalescence Healing,,,,,,,,,,,,,,,,,,,,,,,,,,2338,,,,,,,,,,,,,,,
Coalescence Healing - Most in Game,,,,,,,,,,,,,,,,,,,,,,,,,,1368,,,,,,,,,,,,,,,
Biotic Orb Kills,,,,,,,,,,,,,,,,,,,,,,,,,,31,,,,,,,,,,,,,,,
Biotic Orb Kills - Most in Game,,,,,,,,,,,,,,,,,,,,,,,,,,15,,,,,,,,,,,,,,,
Biotic Orb Kills  - Avg per 10 Min,,,,,,,,,,,,,,,,,,,,,,,,,,16.41,,,,,,,,,,,,,,,
Coalescence Kills - Avg per 10 Min,,,,,,,,,,,,,,,,,,,,,,,,,,5.82,,,,,,,,,,,,,,,
Ally Coalescence Efficiency,,,,,,,,,,,,,,,,,,,,,,,,,,69,,,,,,,,,,,,,,,
Enemy Coalescence Efficiency,,,,,,,,,,,,,,,,,,,,,,,,,,45,,,,,,,,,,,,,,,
Coalescence Healing - Avg per 10 Min,,,,,,,,,,,,,,,,,,,,,,,,,,1238,,,,,,,,,,,,,,,
Adaptive Shielding Created,,,,,,,,,,,,,,,,,,,,,,,,,,,13300,,,,,,,,,,,,,,
Piledriver Kills,,,,,,,,,,,,,,,,,,,,,,,,,,,10,,,,,,,,,,,,,,
Grappling Claw Kills,,,,,,,,,,,,,,,,,,,,,,,,,,,11,,,,,,,,,,,,,,
Minefield Kills,,,,,,,,,,,,,,,,,,,,,,,,,,,3,,,,,,,,,,,,,,
Grappling Claw Kills - Most in Game,,,,,,,,,,,,,,,,,,,,,,,,,,,3,,,,,,,,,,,,,,
Minefield Kills - Most in Game,,,,,,,,,,,,,,,,,,,,,,,,,,,2,,,,,,,,,,,,,,
Piledriver Kills - Most in Game,,,,,,,,,,,,,,,,,,,,,,,,,,,5,,,,,,,,,,,,,,
Adaptive Shielding Created - Most in Game,,,,,,,,,,,,,,,,,,,,,,,,,,,13300,,,,,,,,,,,,,,
Piledriver Kills - Avg per 10 Min,,,,,,,,,,,,,,,,,,,,,,,,,,,2.74,,,,,,,,,,,,,,
Grappling Claw Kills - Avg per 10 Min,,,,,,,,,,,,,,,,,,,,,,,,,,,3.02,,,,,,,,,,,,,,
Minefield Kills - Avg per 10 Min,,,,,,,,,,,,,,,,,,,,,,,,,,,0.82,,,,,,,,,,,,,,
Adaptive Shielding Created - Avg per 10 Min,,,,,,,,,,,,,,,,,,,,,,,,,,,3650,,,,,,,,,,,,,,
Scoped Critical Hits,,,,,,,,,,,,,,,,,,,,,,,,,,,,57,,,,,,,,,,,,,
Scoped Critical Hits - Most in Game,,,,,,,,,,,,,,,,,,,,,,,,,,,,3,,,,,,,,,,,,,
Dynamite Kills,,,,,,,,,,,,,,,,,,,,,,,,,,,,39,,,,,,,,,,,,,
Dynamite Kills - Most in Game,,,,,,,,,,,,,,,,,,,,,,,,,,,,5,,,,,,,,,,,,,
Coach Gun Kills,,,,,,,,,,,,,,,,,,,,,,,,,,,,16,,,,,,,,,,,,,
Coach Gun Kills - Most in Game,,,,,,,,,,,,,,,,,,,,,,,,,,,,3,,,,,,,,,,,,,
Bob Kills,,,,,,,,,,,,,,,,,,,,,,,,,,,,18,,,,,,,,,,,,,
Bob Kills - Most in Game,,,,,,,,,,,,,,,,,,,,,,,,,,,,4,,,,,,,,,,,,,
Scoped Critical Hit Kills,,,,,,,,,,,,,,,,,,,,,,,,,,,,11,,,,,,,,,,,,,
Scoped Critical Hit Kills - Avg per 10 Min,,,,,,,,,,,,,,,,,,,,,,,,,,,,1.51,,,,,,,,,,,,,
Scoped Critical Hit Accuracy,,,,,,,,,,,,,,,,,,,,,,,,,,,,11,,,,,,,,,,,,,
Dynamite Kills - Avg per 10 Min,,,,,,,,,,,,,,,,,,,,,,,,,,,,5.37,,,,,,,,,,,,,
Bob Kills - Avg per 10 Min,,,,,,,,,,,,,,,,,,,,,,,,,,,,2.48,,,,,,,,,,,,,
Scoped Critical Hits - Avg per 10 Min,,,,,,,,,,,,,,,,,,,,,,,,,,,,7.85,,,,,,,,,,,,,
Coach Gun Kills - Avg per 10 Min,,,,,,,,,,,,,,,,,,,,,,,,,,,,2.2,,,,,,,,,,,,,
Focusing Beam Kills,,,,,,,,,,,,,,,,,,,,,,,,,,,,,24,,,,,,,,,,,,
Focusing Beam Kills - Most in Game,,,,,,,,,,,,,,,,,,,,,,,,,,,,,7,,,,,,,,,,,,
Sticky Bombs Kills,,,,,,,,,,,,,,,,,,,,,,,,,,,,,35,,,,,,,,,,,,
Sticky Bombs Kills - Most in Game,,,,,,,,,,,,,,,,,,,,,,,,,,,,,12,,,,,,,,,,,,
Duplicate Kills,,,,,,,,,,,,,,,,,,,,,,,,,,,,,11,,,,,,,,,,,,
Duplicate Kills - Most in Game,,,,,,,,,,,,,,,,,,,,,,,,,,,,,7,,,,,,,,,,,,
Sticky Bombs Direct Hits - Most in Game,,,,,,,,,,,,,,,,,,,,,,,,,,,,,77,,,,,,,,,,,,
Focusing Beam Accuracy,,,,,,,,,,,,,,,,,,,,,,,,,,,,,45,,,,,,,,,,,,
Sticky Bombs Direct Hit Accuracy,,,,,,,,,,,,,,,,,,,,,,,,,,,,,29,,,,,,,,,,,,
Duplicate Kills - Avg per 10 Min,,,,,,,,,,,,,,,,,,,,,,,,,,,,,3.7,,,,,,,,,,,,
Focusing Beam Kills - Avg per 10 Min,,,,,,,,,,,,,,,,,,,,,,,,,,,,,8.08,,,,,,,,,,,,
Sticky Bombs Kills - Avg per 10 Min,,,,,,,,,,,,,,,,,,,,,,,,,,,,,11.78,,,,,,,,,,,,
Sticky Bombs Direct Hits - Avg per 10 Min,,,,,,,,,,,,,,,,,,,,,,,,,,,,,76.07,,,,,,,,,,,,
Amplification Matrix Assist,,,,,,,,,,,,,,,,,,,,,,,,,,,,,,1,,,,,,,,,,,
Healing Accuracy - Best in Game,,,,,,,,,,,,,,,,,,,,,,,,,,,,,,83,,,,,,,,,,,
Amplification Matrix Assist - Best in Game,,,,,,,,,,,,,,,,,,,,,,,,,,,,,,1,,,,,,,,,,,
Immortality Field Deaths Prevented,,,,,,,,,,,,,,,,,,,,,,,,,,,,,,8,,,,,,,,,,,
Immortality Field Deaths Prevented - Most in Game,,,,,,,,,,,,,,,,,,,,,,,,,,,,,,3,,,,,,,,,,,
Healing Accuracy,,,,,,,,,,,,,,,,,,,,,,,,,,,,,,68,,,,,,,,,,,
Immortality Field Deaths Prevented - Avg per 10 Min,,,,,,,,,,,,,,,,,,,,,,,,,,,,,,3.23,,,,,,,,,,,
Amplification Matrix Assists - Avg per 10 Min,,,,,,,,,,,,,,,,,,,,,,,,,,,,,,0.4,,,,,,,,,,,
Offensive Assist,,,,,,,,,,,,,,,,,,,,,,,,,,,,,,1,,,,,,,,,,,
Negative Effects Cleansed - Most in Game,,,,,,,,,,,,,,,,,,,,,,,,,,,,,,,4,,,,,,,,,,
Kitsune Rush Assists,,,,,,,,,,,,,,,,,,,,,,,,,,,,,,,74,,,,,,,,,,
Kitsune Rush Assists - Most in Game,,,,,,,,,,,,,,,,,,,,,,,,,,,,,,,40,,,,,,,,,,
Kunai Kills,,,,,,,,,,,,,,,,,,,,,,,,,,,,,,,88,,,,,,,,,,
Kunai Kills - Most in Game,,,,,,,,,,,,,,,,,,,,,,,,,,,,,,,28,,,,,,,,,,
Kunai Kills - Avg per 10 Min,,,,,,,,,,,,,,,,,,,,,,,,,,,,,,,13.17,,,,,,,,,,
Negative Effects Cleansed - Avg per 10 Min,,,,,,,,,,,,,,,,,,,,,,,,,,,,,,,3.44,,,,,,,,,,
Kitsune Rush Assists - Avg per 10 Min,,,,,,,,,,,,,,,,,,,,,,,,,,,,,,,11.07,,,,,,,,,,
Jagged Blade Kill,,,,,,,,,,,,,,,,,,,,,,,,,,,,,,,,1,,,,,,,,,
Jagged Blade Kill - Most in Game,,,,,,,,,,,,,,,,,,,,,,,,,,,,,,,,1,,,,,,,,,
Jagged Blade Accuracy - Best in Game,,,,,,,,,,,,,,,,,,,,,,,,,,,,,,,,13,,,,,,,,,
Wound Uptime Percentage,,,,,,,,,,,,,,,,,,,,,,,,,,,,,,,,2,,,,,,,,,
Jagged Blade Accuracy,,,,,,,,,,,,,,,,,,,,,,,,,,,,,,,,13,,,,,,,,,
Jagged Blade Kills - Avg per 10 Min,,,,,,,,,,,,,,,,,,,,,,,,,,,,,,,,3.0,,,,,,,,,
Accretion Kills - Most in Game,,,,,,,,,,,,,,,,,,,,,,,,,,,,,,,,,11,,,,,,,,
Accretion Kills,,,,,,,,,,,,,,,,,,,,,,,,,,,,,,,,,69,,,,,,,,
Gravitic Flux Kills,,,,,,,,,,,,,,,,,,,,,,,,,,,,,,,,,25,,,,,,,,
Gravitic Flux Kills - Most in Game,,,,,,,,,,,,,,,,,,,,,,,,,,,,,,,,,7,,,,,,,,
Accretion Kills - Avg per 10 Min,,,,,,,,,,,,,,,,,,,,,,,,,,,,,,,,,7.49,,,,,,,,
Gravitic Flux Kills - Avg per 10 Min,,,,,,,,,,,,,,,,,,,,,,,,,,,,,,,,,2.71,,,,,,,,
Accretion Accuracy,,,,,,,,,,,,,,,,,,,,,,,,,,,,,,,,,57,,,,,,,,
Overrun Kills,,,,,,,,,,,,,,,,,,,,,,,,,,,,,,,,,,15,,,,,,,
Overrun Kills - Most in Game,,,,,,,,,,,,,,,,,,,,,,,,,,,,,,,,,,11,,,,,,,
Cage Fight Kill,,,,,,,,,,,,,,,,,,,,,,,,,,,,,,,,,,1,,,,,,,
Cage Fight Kill - Most in Game,,,,,,,,,,,,,,,,,,,,,,,,,,,,,,,,,,1,,,,,,,
Critical Hit Damage,,,,,,,,,,,,,,,,,,,,,,,,,,,,,,,,,,4744,,,,,,,
Critical Hit Damage - Most in Game,,,,,,,,,,,,,,,,,,,,,,,,,,,,,,,,,,2533,,,,,,,
Critical Hit Damage - Avg per 10 Min,,,,,,,,,,,,,,,,,,,,,,,,,,,,,,,,,,3688,,,,,,,
Overrun Kills - Avg per 10 Min,,,,,,,,,,,,,,,,,,,,,,,,,,,,,,,,,,11.66,,,,,,,
Cage Fight Kills- Avg per 10 Min,,,,,,,,,,,,,,,,,,,,,,,,,,,,,,,,,,0.78,,,,,,,
Pylon Healing,,,,,,,,,,,,,,,,,,,,,,,,,,,,,,,,,,,1270,,,,,,
Pylon Healing - Most in Game,,,,,,,,,,,,,,,,,,,,,,,,,,,,,,,,,,,1270,,,,,,
Pylon Healing - Avg per 10 Min,,,,,,,,,,,,,,,,,,,,,,,,,,,,,,,,,,,4780,,,,,,
Pylon Uptime Percentage,,,,,,,,,,,,,,,,,,,,,,,,,,,,,,,,,,,35,,,,,,
Projected Edge Kills,,,,,,,,,,,,,,,,,,,,,,,,,,,,,,,,,,,,,,20,,,
Projected Edge Kills - Most in Game,,,,,,,,,,,,,,,,,,,,,,,,,,,,,,,,,,,,,,5,,,
Whirlwind Dash Kills,,,,,,,,,,,,,,,,,,,,,,,,,,,,,,,,,,,,,,44,,,
Whirlwind Dash Kills - Most in Game,,,,,,,,,,,,,,,,,,,,,,,,,,,,,,,,,,,,,,7,,,
Sundering Blade Kills,,,,,,,,,,,,,,,,,,,,,,,,,,,,,,,,,,,,,,11,,,
Sundering Blade Kills - Most in Game,,,,,,,,,,,,,,,,,,,,,,,,,,,,,,,,,,,,,,4,,,
Whirlwind Dash Kills - Avg per 10 Min,,,,,,,,,,,,,,,,,,,,,,,,,,,,,,,,,,,,,,7.17,,,
Projected Edge Accuracy,,,,,,,,,,,,,,,,,,,,,,,,,,,,,,,,,,,,,,43,,,
Sundering Blade Kills - Avg per 10 Min,,,,,,,,,,,,,,,,,,,,,,,,,,,,,,,,,,,,,,1.79,,,
Projected Edge Kills - Avg per 10 Min,,,,,,,,,,,,,,,,,,,,,,,,,,,,,,,,,,,,,,3.26,,,
Onslaught Uptime Percentage,,,,,,,,,,,,,,,,,,,,,,,,,,,,,,,,,,,,,,46,,,
Override Protocol Kills - Most in Game,,,,,,,,,,,,,,,,,,,,,,,,,,,,,,,,,,,,,,,2,,
Override Protocol Kills,,,,,,,,,,,,,,,,,,,,,,,,,,,,,,,,,,,,,,,3,,
Cyber Frag Damage Done,,,,,,,,,,,,,,,,,,,,,,,,,,,,,,,,,,,,,,,3492,,
Cyber Frag Damage Done - Most in Game,,,,,,,,,,,,,,,,,,,,,,,,,,,,,,,,,,,,,,,2258,,
Siphon Blaster Damage Done,,,,,,,,,,,,,,,,,,,,,,,,,,,,,,,,,,,,,,,2173,,
Siphon Blaster Damage Done - Most in Game,,,,,,,,,,,,,,,,,,,,,,,,,,,,,,,,,,,,,,,1672,,
Siphon Blaster Damage Done - Avg per 10 Min,,,,,,,,,,,,,,,,,,,,,,,,,,,,,,,,,,,,,,,1800,,
Override Protocol Kills - Avg per 10 Min,,,,,,,,,,,,,,,,,,,,,,,,,,,,,,,,,,,,,,,2.49,,
Cyber Frag Damage Done - Avg per 10 Min,,,,,,,,,,,,,,,,,,,,,,,,,,,,,,,,,,,,,,,2893,,
Lifeline Healing,,,,,,,,,,,,,,,,,,,,,,,,,,,,,,,,,,,,,,,,,1991
Lifeline Usage,,,,,,,,,,,,,,,,,,,,,,,,,,,,,,,,,,,,,,,,,16
Purr Healing - Avg per 10 Min,,,,,,,,,,,,,,,,,,,,,,,,,,,,,,,,,,,,,,,,,3185
Lifeline Healing - Avg per 10 Min,,,,,,,,,,,,,,,,,,,,,,,,,,,,,,,,,,,,,,,,,185
