,all-heroes,ana,anran,ashe,baptiste,bastion,cassidy,dva,domina,echo,emre,freja,genji,hanzo,illari,junker-queen,junkrat,juno,kiriko,lifeweaver,mauga,mei,mizuki,moira,orisa,pharah,ramattra,reaper,reinhardt,roadhog,sigma,sierra,sojourn,soldier-76,sombra,symmetra,torbjorn,tracer,vendetta,venture,widowmaker,winston,wuyang,zarya,zenyatta
Tank,diamond 2,diamond 2,diamond 2,diamond 2,diamond 2,diamond 2,diamond 2,diamond 2,diamond 2,diamond 2,diamond 2,diamond 2,diamond 2,diamond 2,diamond 2,diamond 2,diamond 2,diamond 2,diamond 2,diamond 2,diamond 2,diamond 2,diamond 2,diamond 2,diamond 2,diamond 2,diamond 2,diamond 2,diamond 2,diamond 2,diamond 2,diamond 2,diamond 2,diamond 2,diamond 2,diamond 2,diamond 2,diamond 2,diamond 2,diamond 2,diamond 2,diamond 2,diamond 2,diamond 2,diamond 2
Damage,master 1,master 1,master 1,master 1,master 1,master 1,master 1,master 1,master 1,master 1,master 1,master 1,master 1,master 1,master 1,master 1,master 1,master 1,master 1,master 1,master 1,master 1,master 1,master 1,master 1,master 1,master 1,master 1,master 1,master 1,master 1,master 1,master 1,master 1,master 1,master 1,master 1,master 1,master 1,master 1,master 1,master 1,master 1,master 1,master 1
Support,,,,,,,,,,,,,,,,,,,,,,,,,,,,,,,,,,,,,,,,,,,,,
Open,,,,,,,,,,,,,,,,,,,,,,,,,,,,,,,,,,,,,,,,,,,,,
Eliminations - Most in Game,46,4,2,32,7,22,26,4,23,27,33,10,2,37,25,8,,,41,2,21,35,12,2,44,3,7,11,7,18,,11,39,10,9,,,,2,,8,,,3,12
Final Blows - Most in Game,39,2,,21,4,13,24,,11,11,22,7,2,33,13,2,,,27,,5,27,2,,34,3,,7,5,14,,4,31,3,4,,,,2,,4,,,2,12
All Damage Done - Most in Game,45470,1486,1342,11414,2928,15568,16603,892,24057,11154,11013,9895,668,31960,8895,3922,172,1188,11291,480,11030,45470,3325,888,24654,881,3465,4335,2335,13500,,8783,28043,4291,6384,,356,8,2513,213,2637,371,118,4136,6620
Healing Done - Most in Game,9366,1246,,,721,858,402,184,2989,267,656,329,,,4933,936,,864,9366,233,1443,1628,3365,814,,,,709,,8440,,,,742,250,,,,75,,,102,373,,2398
Defensive Assists - Most in Game,27,3,,,5,,,,,,,,,,,,,,27,,9,,14,,,,,,,,,,,5,,,,,,,,,,2,7
Offensive Assists - Most in Game,12,,,,,,,,,,,,,,2,,,,12,,9,5,,,6,,,,,7,,,,,4,,,,,,,,,,
Objective Kills - Most in Game,18,,,17,3,11,10,3,12,6,8,3,,12,6,,,,10,,9,15,6,,17,2,3,3,5,7,,5,15,4,2,,,,,,,,,3,2
Objective Time - Most in Game,276,34,9,175,26,20,79,30,276,31,18,13,2,78,63,11,,,189,2,57,45,51,26,193,37,90,32,107,176,,47,95,68,12,,,,10,7,10,2,,40,43
Multikill - Best,5,,,3,,4,4,,4,3,3,,,5,5,,,,4,,3,3,3,,5,,,,,,,3,5,3,,,,,,,,,,,3
Solo Kills - Most in Game,39,,,5,,2,10,,3,3,2,2,,14,4,,,,9,,,11,,,13,,,3,,2,,2,12,,,,,,,,3,,,,3
Time Spent on Fire - Most in Game,90,15,15,23,15,43,44,,74,35,54,21,,90,61,15,,,75,9,30,74,40,,88,,,,31,37,,28,73,41,45,,,,7,,15,,,29,61
Melee Final Blows - Most in Game,6,,,,,,,,2,,,,,4,,,,,3,,,3,,,4,,,,,6,,,2,,,,,,,,,,,,
Environmental Kill - Most in Game,1,,,1,,,,,,,,,,,1,,,,,,,,,,1,,,,,1,,,,,,,,,,,,,,,
Kill Streak - Best,26,3,2,13,4,7,14,4,12,12,17,4,2,26,12,7,,,19,2,5,14,12,2,21,3,6,7,4,10,,4,22,10,5,,,,1,1,4,,,2,6
Hero Damage Done - Most in Game,19459,1486,872,10574,2928,10854,13031,719,13090,8853,11013,6715,571,15992,7672,3922,120,507,11291,480,9166,14814,3205,885,18219,842,3236,3433,2185,11109,,8603,16997,3137,6384,,356,8,2483,213,2637,296,18,4136,6073
Barrier Damage Done - Most in Game,6685,,,,,,,,,,,,,,,,,,,,,,,,,,,,,,,,,,,,,,,,,,,,
Assists - Most in Game,27,3,,4,4,4,3,3,2,2,,,,10,8,3,,,27,,14,5,13,,6,,,,,7,,,3,4,4,,,,,,2,,,2,3
Objective Contest Time - Most in Game,189,,,,,,,,,,,,,,,,,,,,,,,,,,,,,,,,,,,,,,,,,,,,
Recon Assists - Most in Game,11,,,,,,,,,,,,,11,,,,,,,,,,,,,,,,,,,,,,,,,,,,,,,
Hero Damage Done - Avg per 10 Min,10301,3190,4650,6675,7496,11543,10272,5505,13077,9544,11494,8716,4042,13252,9910,10124,2576,4712,6684,5103,9941,10992,7501,5640,17207,4666,4944,5361,6550,9674,,8110,13064,7652,6450,,6827,506,5928,2461,6424,6049,255,8602,14177
Deaths - Avg per 10 Min,7.9,8.96,15.02,8.49,9.21,8.35,9.73,9.85,6.81,9.39,10.18,11.87,9.7,7.23,6.6,6.42,11.3,9.29,6.8,10.64,12.67,7.19,,12.86,4.88,8.4,6.67,8.3,6.36,5.65,,10.75,8.51,8.58,12.13,,19.16,,16.46,11.57,9.28,20.43,13.95,7.97,8.45
Eliminations - Avg per 10 Min,23.6,5.6,5.63,16.33,18.41,19.26,19.89,12.32,19.95,22.68,25.63,11.87,7.27,32.74,28.38,17.12,,,18.58,21.28,22.67,26.75,28.09,8.57,34.67,12.59,7.78,9.86,14.31,14.58,,10.22,30.86,21.44,11.23,,,,4.49,11.57,14.34,,,7.97,30.43
Assists - Avg per 10 min,4.32,3.36,,1.26,7.67,2.57,1.03,7.39,0.94,1.17,,,,6.37,7.82,6.42,,,12.07,10.64,14.0,5.59,30.43,4.29,3.6,,1.11,,,2.83,,,0.43,5.51,3.59,,,,,,2.53,,13.95,2.66,6.76
Healing Done - Avg per 10 Min,1452,2983,,,1831,211,99.99,959,2499,104,842,177,,,5521,2784,,8030,5820,2483,1285,1598,7876,3957,,,,1078,,5466,,,,1622,124,,,,112,,,2084,5210,,5485
Final Blows - Avg per 10 Min,14.6,2.24,,8.1,12.28,10.7,13.35,,8.69,9.39,15.1,6.74,7.27,23.7,14.11,4.28,,,9.56,10.64,6.67,18.76,4.68,,23.56,12.59,1.11,5.71,11.13,8.63,,3.23,20.66,7.35,4.94,,,,2.99,,8.44,,,3.98,28.74
Time Spent on Fire - Avg per 10 Min,117,30,28,3,82,94,105,,155,75,110,33,,201,133,55,,,90,97,62,190,213,,233,,,,93,103,,43,164,25,49,,,,11,,19,,,92,310
Objective Contest Time - Avg per 10 Min,21,,,,,,,,,,,,,,,,,,,,,,,,,,,,,,,,,,,,,,,,,,,,
Solo Kills - Avg per 10 Min,3.47,1.12,,1.45,1.53,1.07,4.04,,1.17,1.96,2.11,0.64,2.42,6.85,3.53,2.14,,,2.16,,,6.39,2.34,,4.52,,,2.08,1.59,1.04,,0.54,4.8,0.61,0.45,,,,,,5.06,,,,10.14
Objective Kills - Avg per 10 Min,6.29,1.12,,5.08,9.21,7.7,5.41,7.39,7.98,5.87,5.97,1.93,,7.51,6.29,,,,4.75,,9.33,9.58,14.04,4.29,10.56,8.4,3.33,2.6,7.95,4.46,,4.3,7.68,6.74,1.8,,,,,11.57,2.53,,,3.98,5.07
Objective Time - Avg per 10 Min,45,38,37,46,70,19,34,101,113,26,15,17,6,33,53,23,,,42,26,62,53,119,120,75,156,104,46,172,110,,30,37,70,14,,,,21,84,14,43,,106,90
Time Played,158038,536,320,22817,391,2804,12759,244,2556,1534,1709,1870,247,23820,3911,280,53,65,27545,56,900,1503,256,140,9831,143,540,1156,377,4034,14,2232,28988,980,1335,7,31,10,401,52,711,29,43,452,355
Games Played,332,1,1,45,1,5,25,1,5,3,3,3,0,53,10,1,0,0,57,0,2,3,1,0,19,0,1,2,1,9,0,5,67,2,3,0,0,0,1,0,1,0,0,1,1
Games Won,202,0,0,25,0,2,8,0,1,1,,0,0,44,7,0,0,,31,0,1,2,1,,16,0,1,1,0,3,,,51,0,1,,,,0,,0,,,0,1
Games Lost,130,1,0,21,1,3,16,0,3,2,2,3,0,10,3,0,0,0,26,0,1,1,0,0,3,0,0,1,0,6,0,4,16,2,2,0,0,0,1,0,1,0,0,0,0
Hero Wins,202,0,0,25,0,2,8,0,1,1,,0,0,44,7,0,0,,31,0,1,2,1,,16,0,1,1,0,3,,,51,0,1,,,,0,,0,,,0,1
Environmental Kills,7,,,2,,,,,,,,,,,,,,,,,,,,,3,,,,,,,,,,,,,,,,,,,,
Objective Time,11736,34,20,1730,46,91,725,41,481,65,42,54,2,1291,345,11,,,1934,2,92,133,51,28,1236,37,94,89,108,739,,111,1784,114,30,,,,14,7,16,2,,80,53
Objective Kills,1658,,,193,6,36,115,3,34,15,17,6,,298,41,,,,218,,14,24,6,,173,2,3,5,5,30,,16,371,11,4,,,,,,3,,,3,3
Time Spent on Fire,30933,27,15,126,53,441,2235,,660,192,313,104,,7979,865,26,,,4144,9,92,475,91,,3811,,,,58,693,,159,7932,41,108,,,,7,,22,,,70,183
Melee Final Blows,124,,,,,,2,,2,,,,,17,,,,,22,,,4,,,28,,,,,21,,,22,,,,,,,,,,,,
Objective Contest Time,5469,,,,,,,,,,,,,,,,,,,,,,,,,,,,,,,,,,,,,,,,,,,,
Multikills,199,,,7,,5,12,,5,,,,,55,8,,,,16,,,4,,,18,,,,,,,,62,,,,,,,,,,,,
Eliminations,6216,5,3,621,12,90,423,5,85,58,73,37,3,1300,185,8,,,853,2,34,67,12,2,568,3,7,19,9,98,,38,1491,35,25,,,,3,,17,,,6,18
Hero Damage Done,2713338,2848,2477,253860,4885,53939,218438,2235,55703,24404,32736,27160,1667,526099,64600,4731,228,507,306865,480,14910,27532,3205,1316,281941,1112,4449,10329,4119,65047,,30168,631171,12491,14355,,356,8,3961,213,7615,296,18,6477,8387
Final Blows,3845,2,,308,8,50,284,,37,24,43,21,3,941,92,2,,,439,,10,47,2,,386,3,,11,7,58,,12,998,12,11,,,,2,,10,,,3,17
Deaths,2081,8,8,323,6,39,207,4,29,24,29,37,4,287,43,3,,,312,,19,18,,3,80,2,6,16,4,38,,40,411,14,27,,,,11,,11,,,6,5
Damage Done,2713338,,,,,,,,,,,,,,,,,,,,,,,,,,,,,,,,,,,,,,,,,,,,
Solo Kills,913,,,55,,5,86,,5,5,6,2,,272,23,,,,99,,,16,,,74,,,4,,7,,2,232,,,,,,,,6,,,,6
of Match on Fire,20,,,,,,,,,,,,,,,,,,,,,,,,,,,,,,,,,,,,,,,,,,,,
Recon Assists,270,,,,,,,,,,,,,268,,,,,,,,,,,,,,,,,,,,,,,,,,,2,,,,
Defensive Assists,693,3,,,8,,,,,,,,,,,,,,629,,16,,14,,,,,,,,,,,11,,,,,,,,,,2,8
Offensive Assists,309,,,,,,,,,,,,,,10,,,,184,,13,14,,,57,,,,,19,,,,,8,,,,,,,,,,
Healing Done,382582,2663,,,1193,987,2126,389,10644,267,2399,553,,,35988,1301,,864,267208,233,1927,4002,3365,923,,,,2078,,36753,,,,2648,276,,,,75,,,102,373,,3245
Assists,1138,3,,48,5,12,22,3,4,3,,,,253,51,3,,,554,,21,14,13,,59,,,,,19,,,21,9,8,,,,,,3,,,2,4
Cards,4,,,,,,,,,,,,,,,,,,,,,,,,,,,,,,,,3,,,,,,,,,,,,
Scoped Accuracy - Best in Game,,82,,100,,,,,,,50,,,,,,,,,,,,,,,,,,,,,,,,,,,,,,85,,,,
Self Healing,,177,,,418,,,,10126,,2102,,,,3403,1301,,,,32,1432,4002,,304,,,,2078,,36753,,,,1765,,,,,,,,,,,333
Self Healing - Most in Game,,119,,,253,858,,,2989,,,,,,581,936,,,,32,982,1628,,195,,,,709,,8440,,,,548,,,,,,,,,,,242
Enemies Slept,,5,,,,,,,,,,,,,,,,,,,,,,,,,,,,,,,,,,,,,,,,,,,
Unscoped Accuracy - Best in Game,,50,,,,,,,,,,,,,,,,,,,,,,,,,,,,,,,,,,,,,,,,,,,
Enemies Slept - Most in Game,,2,,,,,,,,,,,,,,,,,,,,,,,,,,,,,,,,,,,,,,,,,,,
Biotic Grenade Kills,,2,,,,,,,,,,,,,,,,,,,,,,,,,,,,,,,,,,,,,,,,,,,
Damage Amplified,,46,,,413,,,,,,,,,,,,,,,,,,,,,,,,,,,,,,,,,,,,,,,,1355
Damage Amplified - Most in Game,,46,,,413,,,,,,,,,,,,,,,,,,,,,,,,,,,,,,,,,,,,,,,,988
Healing Amplified,,159,,,385,,,,,,,,,,,,,,,,,,,,,,,,,,,,,,,,,,,,,,110,,
Healing Amplified - Most in Game,,138,,,259,,,,,,,,,,,,,,,,,,,,,,,,,,,,,,,,,,,,,,110,,
Scoped Accuracy,,33,,38,,,,,,,28,,,,,,,,,,,,,,,,,,,,,,,,,,,,,,60,,,,
Healing Amplified - Avg per 10 Min,,178,,,590,,,,,,,,,,,,,,,,,,,,,,,,,,,,,,,,,,,,,,1537,,
Self Healing - Avg per 10 Min,,198,,,642,,,,2377,,738,,,,522,2784,,,,335,955,1598,,1303,,,,1078,,5466,,,,1081,,,,,,,,,,,562
Damage Amplified - Avg per 10 Min,,51.84,,,633,,,,,,,,,,,,,,,,,,,,,,,,,,,,,,,,,,,,,,,,2290
Biotic Grenade Kills - Avg per 10 Min,,2.24,,,,,,,,,,,,,,,,,,,,,,,,,,,,,,,,,,,,,,,,,,,
Enemies Slept - Avg per 10 Min,,5.6,,,,,,,,,,,,,,,,,,,,,,,,,,,,,,,,,,,,,,,,,,,
Sleep Dart Accuracy,,36,,,,,,,,,,,,,,,,,,,,,,,,,,,,,,,,,,,,,,,,,,,
Unscoped Accuracy,,41,,,,,,,,,,,,,,,,,,,,,,,,,,,,,,,,,,,,,,,,,,,
Eliminations - Most in Life,,3,2,13,4,7,14,4,12,12,17,4,2,26,12,7,,,19,2,5,14,12,2,21,3,6,7,4,10,,4,22,10,5,,,,,,4,,,2,6
All Damage Done - Most in Life,,1225,1320,3922,1535,7856,6796,878,6610,3348,5685,2967,668,11815,4108,3118,172,1188,6149,474,2456,15568,3325,803,13331,881,1873,3073,1571,5200,,3039,9540,2828,2915,,356,8,754,213,1418,363,118,2477,3739
Weapon Accuracy - Best in Game,,51,33,64,37,57,60,35,70,31,48,48,26,100,71,33,,56,53,34,30,59,31,,50,55,19,26,,29,,30,63,36,42,,33,58,,9,56,,8,35,60
Objective Kill - Most in Game,,1,,,,,,,,,,,,,,,,,,,,,,1,,,,,,,,,,,,,,,,1,1,,,,
Solo Kill - Most in Game,,1,,,1,,,,,,,,1,,,1,,,,,,,1,,,,,,1,,,,,1,1,,,,,,,,,,
Hero Damage Done - Most in Life,,1225,725,3566,1410,5063,5191,705,5266,3348,5685,2263,571,7505,3649,3118,120,507,4499,474,2037,4325,3205,800,11134,842,1643,2465,1571,4408,,2949,6359,2036,2915,,356,8,724,213,1336,293,18,2477,3451
Obj Contest Time - Most in Game,,34,6,103,26,15,58,12,80,26,13,9,2,27,18,4,,,189,,35,38,5,8,132,33,9,31,31,103,,31,90,68,12,,,,10,7,,2,,34,11
Obj Contest Time - Avg per 10 Min,,38,20,22,53,13,15,49,55,20,12,6,6,9,12,9,,,24,,40,33,13,45,42,138,12,44,51,54,,19,14,54,8,,,,21,84,,43,,58,22
All Damage Done - Avg per 10 Min,,3289,6521,7806,8378,14418,12331,6062,17386,10816,12312,10231,4761,16418,11120,11596,3297,11039,7361,5103,12848,37757,7782,5652,21054,5856,5484,6413,7623,11774,,9678,16528,9612,7001,,6827,506,6153,2461,7417,7582,1650,8840,15101
Eliminations per Life,,0.63,0.38,1.92,2,2.31,2.04,1.25,2.93,2.42,2.52,,0.75,4.53,4.3,2.67,,,2.73,2,1.79,3.72,,0.67,7.1,1.5,1.17,1.19,2.25,2.58,,0.95,3.63,2.5,0.93,,,,0.27,,1.55,,,,3.6
Win Percentage,,19,21,54,23,44,33,17,32,46,33,14,25,82,68,87,50,,54,96,59,66,100,,85,17,81,40,83,36,,21,77,18,33,,,,8,,13,,,42,58
Solo Kill,,1,,,1,,,,,,,,1,,,1,,,,,,,1,,,,,,1,,,,,1,1,,,,,,,,,,
All Damage Done,,2936,3474,296856,5460,67377,262227,2461,74059,27656,35065,31881,1964,651824,72487,5419,292,1188,337913,480,19269,94572,3325,1319,344964,1395,4935,12354,4794,79166,,35998,798502,15692,15581,,356,8,4111,213,8793,371,118,6656,8933
Objective Kill,,1,,,,,,,,,,,,,,,,,,,,,,1,,,,,,,,,,,,,,,,1,,,,,
Obj Contest Time,,34,11,846,34,59,313,20,232,52,33,18,2,369,80,4,,,1081,,60,82,5,10,690,33,11,85,32,363,,70,652,88,18,,,,14,7,,2,,44,13
Weapon Accuracy,,36,24,34,33,24,47,20,50,25,33,27,17,29,48,31,,56,36,34,28,40,31,,43,44,16,22,,23,,27,41,28,36,,33,58,,9,34,,8,32,52
Offensive Assist,,1,,,1,,,,,,,,,,,,,,,,,,,,,,1,,,,,,,,,,,,,,,,,,1
Offensive Assist - Most in Game,,1,,,1,,,,,,,,,,,,,,,,,,,,,,1,,,,,,,,,,,,,,,,,,1
Offensive Assists - Avg per 10 Min,,1.12,,,1.53,,,,,,,,,,1.53,,,,4.01,,8.67,5.59,,,3.48,,1.11,,,2.83,,,,,3.59,,,,,,,,,,1.69
Defensive Assists - Avg per 10 Min,,3.36,,,12.28,,,,,,,,,,,,,,13.7,10.64,10.67,,32.77,4.29,,,,,,,,,,6.74,,,,,,,,,,2.66,13.52
Critical Hit Damage,,,648,,,,,,,,,,,,,,,,,,5956,,,,,,,,,,,,,,,,,,,,,,,,
Critical Hit Damage - Most in Game,,,362,,,,,,,,,,,,,,,,,,3636,,,,,,,,,,,,,,,,,,,,,,,,
Enemies Ignited,,,6,,,,,,,,,,,,,,,,,,,,,,,,,,,,,,,,,,,,,,,,,,
Enemies Ignited - Most in Game,,,2,,,,,,,,,,,,,,,,,,,,,,,,,,,,,,,,,,,,,,,,,,
Dancing Blaze Kill,,,1,,,,,,,,,,,,,,,,,,,,,,,,,,,,,,,,,,,,,,,,,,
Dancing Blaze Kill - Most in Game,,,1,,,,,,,,,,,,,,,,,,,,,,,,,,,,,,,,,,,,,,,,,,
Enemies Ignited - Avg per 10 Min,,,11.26,,,,,,,,,,,,,,,,,,,,,,,,,,,,,,,,,,,,,,,,,,
Fan the Flames Accuracy,,,16,,,,,,,,,,,,,,,,,,,,,,,,,,,,,,,,,,,,,,,,,,
Critical Hit Damage - Avg per 10 Min,,,1217,,,,,,,,,,,,,,,,,,3971,,,,,,,,,,,,,,,,,,,,,,,,
Dancing Blaze Kills - Avg per 10 Min,,,1.88,,,,,,,,,,,,,,,,,,,,,,,,,,,,,,,,,,,,,,,,,,
Critical Hits - Most in Game,,,2,18,24,23,45,36,11,50,68,,5,33,37,45,,,62,11,341,,6,,226,,26,70,,193,,81,237,10,95,,,,6,,11,,,,22
Critical Hits - Most in Life,,,2,9,12,15,17,36,4,29,30,,5,14,17,43,,,31,11,65,,6,,117,,10,50,,92,,34,76,10,41,,,,,,7,,,,15
Critical Hits - Avg per 10 Min,,,9.38,7.34,52.17,30.39,33.95,224,11.97,57.1,71.63,29.2,14.55,19.6,43.26,96.3,,,25.72,117,297,,14.04,,187,,32.22,102,,152,,78.77,132,28.79,73.24,,19.16,,16.46,,18.56,,,,50.71
Critical Hits,,,5,279,34,142,722,91,51,146,204,91,6,778,282,45,,,1181,11,446,,6,,3059,,29,197,,1023,,293,6393,47,163,,,,,,22,,,,30
Critical Hit Accuracy,,,10,8,18,5,27,10,17,14,24,21,15,18,34,13,,,22,13,21,,10,,19,,6,10,,13,,8,16,9,13,,7,,,,15,,,,24
Scoped Critical Hits,,,,133,,,,,,,,,,,,,,,,,,,,,,,,,,,,,,,,,,,,,14,,,,
Scoped Critical Hits - Most in Game,,,,2,,,,,,,,,,,,,,,,,,,,,,,,,,,,,,,,,,,,,4,,,,
Dynamite Kills,,,,182,,,,,,,,,,,,,,,,,,,,,,,,,,,,,,,,,,,,,,,,,
Dynamite Kills - Most in Game,,,,11,,,,,,,,,,,,,,,,,,,,,,,,,,,,,,,,,,,,,,,,,
Coach Gun Kills,,,,69,,,,,,,,,,,,,,,,,,,,,,,,,,,,,,,,,,,,,,,,,
Coach Gun Kills - Most in Game,,,,5,,,,,,,,,,,,,,,,,,,,,,,,,,,,,,,,,,,,,,,,,
Bob Kills,,,,104,,,,,,,,,,,,,,,,,,,,,,,,,,,,,,,,,,,,,,,,,
Bob Kills - Most in Game,,,,7,,,,,,,,,,,,,,,,,,,,,,,,,,,,,,,,,,,,,,,,,
Scoped Critical Hit Kills,,,,29,,,,,,,,,,,,,,,,,,,,,,,,,,,,,,,,,,,,,8,,,,
Long Range Final Blows,,,,56,,,39,,,,,,,221,19,,,,,,,,,,,,,,,,,,102,,,,,,,,9,,,,
Long Range Final Blows - Most in Game,,,,4,,,5,,,,,,,12,5,,,,,,,,,,,,,,,,,,7,,,,,,,,4,,,,
Scoped Critical Hit Kills - Avg per 10 Min,,,,0.76,,,,,,,,,,,,,,,,,,,,,,,,,,,,,,,,,,,,,6.75,,,,
Long Range Final Blows - Avg per 10 Min,,,,1.47,,,1.83,,,0.39,,,,5.57,2.91,,,,,,,,,,,,,,,,,,2.11,,,,,,,,7.59,,,,
Scoped Critical Hit Accuracy,,,,11,,,,,,,,,,,,,,,,,,,,,,,,,,,,,,,,,,,,,31,,,,
Dynamite Kills - Avg per 10 Min,,,,4.79,,,,,,,,,,,,,,,,,,,,,,,,,,,,,,,,,,,,,,,,,
Bob Kills - Avg per 10 Min,,,,2.73,,,,,,,,,,,,,,,,,,,,,,,,,,,,,,,,,,,,,,,,,
Scoped Critical Hits - Avg per 10 Min,,,,3.5,,,,,,,,,,,,,,,,,,,,,,,,,,,,,,,,,,,,,11.81,,,,
Coach Gun Kills - Avg per 10 Min,,,,1.81,,,,,,,,,,,,,,,,,,,,,,,,,,,,,,,,,,,,,,,,,
Critical Hit Kills - Most in Game,,,,4,,3,10,,2,,8,,,21,6,,,,12,,3,,,,11,,,,,4,,,4,,2,,,,,,4,,,,3
Critical Hit Kills - Avg per 10 Min,,,,1.18,4.6,1.5,5.69,,0.7,0.78,3.86,1.6,,10.43,5.52,,,,4.07,10.64,3.33,,2.34,,6.96,,,1.56,,1.93,,,1.84,1.23,0.9,,,,,,6.75,,,,8.45
Knockback Kills,,,,94,,,,,27,,,,,,21,,,,,,,,,,,,,,,9,,,,,,,,,,,,,,,
Knockback Kills - Most in Game,,,,2,,,,,7,,,,,,6,,,,,,,,,,,,,,,4,,,,,,,,,,,,,,,
Knockback Kills - Avg per 10 Min,,,,2.47,,,,2.46,6.34,,,,,,3.22,,,,,,,,,,,4.2,,,,1.34,,,,,,,,,,,,,,,
Critical Hit Kills,,,,45,3,7,121,,3,2,11,5,,414,36,,,,187,,5,,,,114,,,3,,13,,,89,2,2,,,,,,8,,,,5
Environmental Kills - Avg per 10 Min,,,,0.05,,,,,,,,,,,0.15,,,,,,,,,,0.18,,,,,0.15,,,,,,,,,,,,,,,
Amplification Matrix Assist,,,,,1,,,,,,,,,,,,,,,,,,,,,,,,,,,,,,,,,,,,,,,,
Healing Accuracy - Best in Game,,,,,46,,,,,,,,,,,,,,,,,,,,,,,,,,,,,,,,,,,,,,,,
Amplification Matrix Assist - Best in Game,,,,,1,,,,,,,,,,,,,,,,,,,,,,,,,,,,,,,,,,,,,,,,
Immortality Field Deaths Prevented,,,,,3,,,,,,,,,,,,,,,,,,,,,,,,,,,,,,,,,,,,,,,,
Immortality Field Death Prevented - Most in Game,,,,,1,,,,,,,,,,,,,,,,,,,,,,,,,,,,,,,,,,,,,,,,
Healing Accuracy,,,,,40,,,,,,,,,,,,,,,,,,,,,,,,,,,,,,,,,,,,,,,,
Immortality Field Deaths Prevented - Avg per 10 Min,,,,,4.6,,,,,,,,,,,,,,,,,,,,,,,,,,,,,,,,,,,,,,,,
Amplification Matrix Assists - Avg per 10 Min,,,,,1.53,,,,,,,,,,,,,,,,,,,,,,,,,,,,,,,,,,,,,,,,
Critical Hit Kill - Most in Game,,,,,1,,,,,1,,,,,,,,,,1,,,1,,,,,1,,,,,,1,,,,,,,,,,,
Artillery Kills,,,,,,7,,,,,,,,,,,,,,,,,,,,,,,,,,,,,,,,,,,,,,,
Artillery Kills - Most in Game,,,,,,2,,,,,,,,,,,,,,,,,,,,,,,,,,,,,,,,,,,,,,,
Recon Kills,,,,,,55,,,,,,,,,,,,,,,,,,,,,,,,,,,,,,,,,,,,,,,
Recon Kills - Most in Game,,,,,,14,,,,,,,,,,,,,,,,,,,,,,,,,,,,,,,,,,,,,,,
Assault Kills,,,,,,36,,,,,,,,,,,,,,,,,,,,,,,,,,,,,,,,,,,,,,,
Tank Kills - Most in Game,,,,,,5,,,,,,,,,,,,,,,,,,,,,,,,,,,,,,,,,,,,,,,
Tactical Grenade Kills,,,,,,36,,,,,,,,,,,,,,,,,,,,,,,,,,,,,,,,,,,,,,,
Tactical Grenade Kills - Most in Game,,,,,,11,,,,,,,,,,,,,,,,,,,,,,,,,,,,,,,,,,,,,,,
Tactical Grenade Kills - Avg per 10 Min,,,,,,7.7,,,,,,,,,,,,,,,,,,,,,,,,,,,,,,,,,,,,,,,
Recon Kills - Avg per 10 Min,,,,,,11.77,,,,,,,,,,,,,,,,,,,,,,,,,,,,,,,,,,,,,,,
Artillery Kills - Avg per 10 Min,,,,,,1.5,,,,,,,,,,,,,,,,,,,,,,,,,,,,,,,,,,,,,,,
Assault Kills - Avg per 10 Min,,,,,,7.7,,,,,,,,,,,,,,,,,,,,,,,,,,,,,,,,,,,,,,,
Deadeye Kills,,,,,,,40,,,,,,,,,,,,,,,,,,,,,,,,,,,,,,,,,,,,,,
Deadeye Kills - Most in Game,,,,,,,5,,,,,,,,,,,,,,,,,,,,,,,,,,,,,,,,,,,,,,
Fan the Hammer Kills,,,,,,,9,,,,,,,,,,,,,,,,,,,,,,,,,,,,,,,,,,,,,,
Fan the Hammer Kills - Most in Game,,,,,,,2,,,,,,,,,,,,,,,,,,,,,,,,,,,,,,,,,,,,,,
Flashbang Kills,,,,,,,60,,,,,,,,,,,,,,,,,,,,,,,,,,,,,,,,,,,,,,
Flashbang Kills - Most in Game,,,,,,,5,,,,,,,,,,,,,,,,,,,,,,,,,,,,,,,,,,,,,,
Deadeye Kills - Avg per 10 Min,,,,,,,1.88,,,,,,,,,,,,,,,,,,,,,,,,,,,,,,,,,,,,,,
Flashbang Kills - Avg per 10 Min,,,,,,,2.82,,,,,,,,,,,,,,,,,,,,,,,,,,,,,,,,,,,,,,
Fan the Hammer Kills - Avg per 10 Min,,,,,,,0.42,,,,,,,,,,,,,,,,,,,,,,,,,,,,,,,,,,,,,,
Melee Final Blow - Most in Game,,,,,,,1,,,,1,,,,1,,,,,,1,,,,,,,1,,,,1,,,,,,,1,,,,,,
Melee Final Blows - Avg per 10 Min,,,,,,,0.09,,0.47,,0.35,,,0.43,0.15,,,,0.48,,0.67,1.6,,,1.71,,,0.52,,3.12,,0.27,0.46,,,,,,1.5,,,,,,
Micro Missile Kills,,,,,,,,2,,,,,,,,,,,,,,,,,,,,,,,,,,,,,,,,,,,,,
Micro Missile Kills - Most in Game,,,,,,,,2,,,,,,,,,,,,,,,,,,,,,,,,,,,,,,,,,,,,,
Micro Missile Kills - Avg per 10 Min,,,,,,,,4.93,,,,,,,,,,,,,,,,,,,,,,,,,,,,,,,,,,,,,
Knockback Kill,,,,,,,,1,,,,,,,,,,,,,,,,,,1,,,,,,,,,,,,,,,,,,,
Panopticon Hits,,,,,,,,,17,,,,,,,,,,,,,,,,,,,,,,,,,,,,,,,,,,,,
Panopticon Hits - Avg per 10 Min,,,,,,,,,3.99,,,,,,,,,,,,,,,,,,,,,,,,,,,,,,,,,,,,
Focusing Beam Kills,,,,,,,,,,24,,,,,,,,,,,,,,,,,,,,,,,,,,,,,,,,,,,
Focusing Beam Kills - Most in Game,,,,,,,,,,11,,,,,,,,,,,,,,,,,,,,,,,,,,,,,,,,,,,
Sticky Bombs Kills,,,,,,,,,,23,,,,,,,,,,,,,,,,,,,,,,,,,,,,,,,,,,,
Sticky Bombs Kills - Most in Game,,,,,,,,,,9,,,,,,,,,,,,,,,,,,,,,,,,,,,,,,,,,,,
Duplicate Kills,,,,,,,,,,9,,,,,,,,,,,,,,,,,,,,,,,,,,,,,,,,,,,
Duplicate Kills - Most in Game,,,,,,,,,,5,,,,,,,,,,,,,,,,,,,,,,,,,,,,,,,,,,,
Sticky Bombs Direct Hits - Most in Game,,,,,,,,,,57,,,,,,,,,,,,,,,,,,,,,,,,,,,,,,,,,,,
Long Range Final Blow,,,,,,,,,,1,,,,,,,,,,,,,,,,,,,,,,,,,,,,,,,,,,,
Long Range Final Blow - Most in Game,,,,,,,,,,1,,,,,,,,,,,,,,,,,,,,,,,,,,,,,,,,,,,
Focusing Beam Accuracy,,,,,,,,,,23,,,,,,,,,,,,,,,,,,,,,,,,,,,,,,,,,,,
Sticky Bombs Direct Hit Accuracy,,,,,,,,,,27,,,,,,,,,,,,,,,,,,,,,,,,,,,,,,,,,,,
Duplicate Kills - Avg per 10 Min,,,,,,,,,,3.52,,,,,,,,,,,,,,,,,,,,,,,,,,,,,,,,,,,
Focusing Beam Kills - Avg per 10 Min,,,,,,,,,,9.39,,,,,,,,,,,,,,,,,,,,,,,,,,,,,,,,,,,
Sticky Bombs Kills - Avg per 10 Min,,,,,,,,,,9.0,,,,,,,,,,,,,,,,,,,,,,,,,,,,,,,,,,,
Sticky Bombs Direct Hits - Avg per 10 Min,,,,,,,,,,68.83,,,,,,,,,,,,,,,,,,,,,,,,,,,,,,,,,,,
Multikill,,,,,,,,,,1,1,,,,,,,,,,1,,1,,,,,,,,,1,,1,,,,,,,,,,,1
Override Protocol Kills - Most in Game,,,,,,,,,,,6,,,,,,,,,,,,,,,,,,,,,,,,,,,,,,,,,,
Override Protocol Kills,,,,,,,,,,,11,,,,,,,,,,,,,,,,,,,,,,,,,,,,,,,,,,
Cyber Frag Damage Done,,,,,,,,,,,6732,,,,,,,,,,,,,,,,,,,,,,,,,,,,,,,,,,
Cyber Frag Damage Done - Most in Game,,,,,,,,,,,2659,,,,,,,,,,,,,,,,,,,,,,,,,,,,,,,,,,
Siphon Blaster Damage Done,,,,,,,,,,,4615,,,,,,,,,,,,,,,,,,,,,,,,,,,,,,,,,,
Siphon Blaster Damage Done - Most in Game,,,,,,,,,,,1540,,,,,,,,,,,,,,,,,,,,,,,,,,,,,,,,,,
Siphon Blaster Damage Done - Avg per 10 Min,,,,,,,,,,,1621,,,,,,,,,,,,,,,,,,,,,,,,,,,,,,,,,,
Override Protocol Kills - Avg per 10 Min,,,,,,,,,,,3.86,,,,,,,,,,,,,,,,,,,,,,,,,,,,,,,,,,
Cyber Frag Damage Done - Avg per 10 Min,,,,,,,,,,,2364,,,,,,,,,,,,,,,,,,,,,,,,,,,,,,,,,,
Game Won,,,,,,,,,,,1,,,,,,,,,,,,,,,,,,,,,1,,,,,,,,,,,,,
Hero Win,,,,,,,,,,,1,,,,,,,,,,,,,,,,,,,,,1,,,,,,,,,,,,,
Melee Final Blow,,,,,,,,,,,1,,,,1,,,,,,1,,,,,,,1,,,,1,,,,,,,1,,,,,,
Take Aim Kills,,,,,,,,,,,,22,,,,,,,,,,,,,,,,,,,,,,,,,,,,,,,,,
Take Aim Kills - Most in Game,,,,,,,,,,,,8,,,,,,,,,,,,,,,,,,,,,,,,,,,,,,,,,
Bola Shot Damage Done,,,,,,,,,,,,885,,,,,,,,,,,,,,,,,,,,,,,,,,,,,,,,,
Bola Shot Damage Done - Most in Game,,,,,,,,,,,,242,,,,,,,,,,,,,,,,,,,,,,,,,,,,,,,,,
Bonus Ult Charge Gained,,,,,,,,,,,,82,,,,,,,,,,,,,,,,,,,,,,,,,,,,,,,,,
Bonus Ult Charge Gained - Most in Game,,,,,,,,,,,,31,,,,,,,,,,,,,,,,,,,,,,,,,,,,,,,,,
Take Aim Accuracy,,,,,,,,,,,,40,,,,,,,,,,,,,,,,,,,,,,,,,,,,,,,,,
Bola Shot Damage Done - Avg per 10 Min,,,,,,,,,,,,284,,,,,,,,,,,,,,,,,,,,,,,,,,,,,,,,,
Take Aim Kills - Avg per 10 Min,,,,,,,,,,,,7.06,,,,,,,,,,,,,,,,,,,,,,,,,,,,,,,,,
Bonus Ult Charge Gained - Avg per 10 Min,,,,,,,,,,,,0.26,,,,,,,,,,,,,,,,,,,,,,,,,,,,,,,,,
Elimination per Life,,,,,,,,,,,,1,,,,,,,,,,,,,,,,,,,,,,,,,,,,1,,,,1,
Damage Reflected,,,,,,,,,,,,,1763,,,,,,,,,,,,,,,,,,,,,,,,,,,,,,,,
Damage Reflected - Most in Game,,,,,,,,,,,,,978,,,,,,,,,,,,,,,,,,,,,,,,,,,,,,,,
Swift Strike Resets,,,,,,,,,,,,,3,,,,,,,,,,,,,,,,,,,,,,,,,,,,,,,,
Swift Strike Resets - Most in Game,,,,,,,,,,,,,3,,,,,,,,,,,,,,,,,,,,,,,,,,,,,,,,
Damage Reflected - Avg per 10 Min,,,,,,,,,,,,,4275,,,,,,,,,,,,,,,,,,,,,,,,,,,,,,,,
Swift Strike Resets - Avg per 10 Min NYI,,,,,,,,,,,,,7.27,,,,,,,,,,,,,,,,,,,,,,,,,,,,,,,,
Dragonstrike Kills,,,,,,,,,,,,,,82,,,,,,,,,,,,,,,,,,,,,,,,,,,,,,,
Dragonstrike Kills - Most in Game,,,,,,,,,,,,,,5,,,,,,,,,,,,,,,,,,,,,,,,,,,,,,,
Storm Arrow Kills,,,,,,,,,,,,,,552,,,,,,,,,,,,,,,,,,,,,,,,,,,,,,,
Storm Arrow Kills - Most in Game,,,,,,,,,,,,,,17,,,,,,,,,,,,,,,,,,,,,,,,,,,,,,,
Dragonstrike Kills - Avg per 10 Min,,,,,,,,,,,,,,2.07,,,,,,,,,,,,,,,,,,,,,,,,,,,,,,,
Storm Arrow Kills - Avg per 10 Min,,,,,,,,,,,,,,13.9,,,,,,,,,,,,,,,,,,,,,,,,,,,,,,,
Recon Assists - Avg per 10 Min,,,,,,,,,,,,,,6.75,,,,,,,,,,,,,,,,,,,,,,,,,,,1.69,,,,
Pylon Healing,,,,,,,,,,,,,,,20622,,,,,,,,,,,,,,,,,,,,,,,,,,,,,,
Sunstruck Detonations,,,,,,,,,,,,,,,23,,,,,,,,,,,,,,,,,,,,,,,,,,,,,,
Ultimate Damage,,,,,,,,,,,,,,,4600,,,,,,,,,,,,,,,,,,,,,,,,,,,,,,
Pylon Healing - Most in Game,,,,,,,,,,,,,,,2996,,,,,,,,,,,,,,,,,,,,,,,,,,,,,,
Captive Sun Damage - Most in Game,,,,,,,,,,,,,,,958,,,,,,,,,,,,,,,,,,,,,,,,,,,,,,
Sunstruck Detonations - Most in Game,,,,,,,,,,,,,,,6,,,,,,,,,,,,,,,,,,,,,,,,,,,,,,
Secondary Fire Accuracy,,,,,,,,,,,,,,,41,,,,,,,,,56,,,,,,,,,,,,,,,,,,,,30,
Pylon Healing - Avg per 10 Min,,,,,,,,,,,,,,,3163,,,,,,,,,,,,,,,,,,,,,,,,,,,,,,
Primary Fire Accuracy,,,,,,,,,,,,,,,48,,,,,,,,,,,,,,,,,,,,,,,,,,,50,,38,
Captive Sun Damage - Avg per 10 Min,,,,,,,,,,,,,,,706,,,,,,,,,,,,,,,,,,,,,,,,,,,,,,
Pylon Uptime Percentage,,,,,,,,,,,,,,,50,,,,,,,,,,,,,,,,,,,,,,,,,,,,,,
Sunstruck Detonations - Avg per 10 Min,,,,,,,,,,,,,,,3.53,,,,,,,,,,,,,,,,,,,,,,,,,,,,,,
Environmental Kill,,,,,,,,,,,,,,,1,,,,,,,,,,,,,,,1,,,,,,,,,,,,,,,
Jagged Blade Kill,,,,,,,,,,,,,,,,1,,,,,,,,,,,,,,,,,,,,,,,,,,,,,
Jagged Blade Kill - Most in Game,,,,,,,,,,,,,,,,1,,,,,,,,,,,,,,,,,,,,,,,,,,,,,
Jagged Blade Accuracy - Best in Game,,,,,,,,,,,,,,,,50,,,,,,,,,,,,,,,,,,,,,,,,,,,,,
Carnage Kills,,,,,,,,,,,,,,,,2,,,,,,,,,,,,,,,,,,,,,,,,,,,,,
Carnage Kills - Most in Game,,,,,,,,,,,,,,,,2,,,,,,,,,,,,,,,,,,,,,,,,,,,,,
Wound Uptime Percentage,,,,,,,,,,,,,,,,19,,,,,,,,,,,,,,,,,,,,,,,,,,,,,
Jagged Blade Accuracy,,,,,,,,,,,,,,,,50,,,,,,,,,,,,,,,,,,,,,,,,,,,,,
Jagged Blade Kills - Avg per 10 Min,,,,,,,,,,,,,,,,2.14,,,,,,,,,,,,,,,,,,,,,,,,,,,,,
Carnage Kills - Avg per 10 Min,,,,,,,,,,,,,,,,4.28,,,,,,,,,,,,,,,,,,,,,,,,,,,,,
Death,,,,,,,,,,,,,,,,,1,1,,1,,,,,,,,,,,,,,,,,1,,,1,,1,1,,
Negative Effects Cleansed - Most in Game,,,,,,,,,,,,,,,,,,,16,,,,,,,,,,,,,,,,,,,,,,,,,,
Kitsune Rush Assists,,,,,,,,,,,,,,,,,,,494,,,,,,,,,,,,,,,,,,,,,,,,,,
Kitsune Rush Assists - Most in Game,,,,,,,,,,,,,,,,,,,37,,,,,,,,,,,,,,,,,,,,,,,,,,
Kunai Kills,,,,,,,,,,,,,,,,,,,853,,,,,,,,,,,,,,,,,,,,,,,,,,
Kunai Kills - Most in Game,,,,,,,,,,,,,,,,,,,41,,,,,,,,,,,,,,,,,,,,,,,,,,
Kunai Kills - Avg per 10 Min,,,,,,,,,,,,,,,,,,,18.58,,,,,,,,,,,,,,,,,,,,,,,,,,
Negative Effects Cleansed - Avg per 10 Min,,,,,,,,,,,,,,,,,,,3.53,,,,,,,,,,,,,,,,,,,,,,,,,,
Kitsune Rush Assists - Avg per 10 Min,,,,,,,,,,,,,,,,,,,10.76,,,,,,,,,,,,,,,,,,,,,,,,,,
Thorn Volley Kills,,,,,,,,,,,,,,,,,,,,2,,,,,,,,,,,,,,,,,,,,,,,,,
Thorn Volley Kills - Most in Game,,,,,,,,,,,,,,,,,,,,2,,,,,,,,,,,,,,,,,,,,,,,,,
Thorn Volley Kills - Avg per 10 Min,,,,,,,,,,,,,,,,,,,,21.28,,,,,,,,,,,,,,,,,,,,,,,,,
Final Blow - Most in Game,,,,,,,,,,,,,,,,,,,,1,,,,,,,1,,,,,,,,,,,,,,,,,,
Assist - Most in Game,,,,,,,,,,,,,,,,,,,,1,,,,1,,,1,,,,,,,,,,,,,,,,1,,
Final Blow,,,,,,,,,,,,,,,,,,,,1,,,,,,,1,,,,,,,,,,,,,,,,,,
Critical Hit Kill,,,,,,,,,,,,,,,,,,,,1,,,1,,,,,,,,,,,,,,,,,,,,,,
Defensive Assist,,,,,,,,,,,,,,,,,,,,1,,,,1,,,,,,,,,,,,,,,,,,,,,
Defensive Assist - Most in Game,,,,,,,,,,,,,,,,,,,,1,,,,1,,,,,,,,,,,,,,,,,,,,,
Assist,,,,,,,,,,,,,,,,,,,,1,,,,1,,,1,,,,,,,,,,,,,,,,1,,
Overhealth Created - Most in Game,,,,,,,,,,,,,,,,,,,,,1818,,,,,,,,,,,,,,,,,,,,,,,,
Overhealth Created,,,,,,,,,,,,,,,,,,,,,2951,,,,,,,,,,,,,,,,,,,,,,,,
Overrun Kills,,,,,,,,,,,,,,,,,,,,,18,,,,,,,,,,,,,,,,,,,,,,,,
Overrun Kills - Most in Game,,,,,,,,,,,,,,,,,,,,,12,,,,,,,,,,,,,,,,,,,,,,,,
Cage Fight Kills,,,,,,,,,,,,,,,,,,,,,2,,,,,,,,,,,,,,,,,,,,,,,,
Cage Fight Kills - Most in Game,,,,,,,,,,,,,,,,,,,,,2,,,,,,,,,,,,,,,,,,,,,,,,
Overrun Kills - Avg per 10 Min,,,,,,,,,,,,,,,,,,,,,12.0,,,,,,,,,,,,,,,,,,,,,,,,
Overhealth Created - Avg per 10 Min,,,,,,,,,,,,,,,,,,,,,1968,,,,,,,,,,,,,,,,,,,,,,,,
Cage Fight Kills- Avg per 10 Min,,,,,,,,,,,,,,,,,,,,,1.33,,,,,,,,,,,,,,,,,,,,,,,,
Enemies Frozen,,,,,,,,,,,,,,,,,,,,,,11,,,,,,,,,,,,,,,,,,,,,,,
Enemies Frozen - Most in Game,,,,,,,,,,,,,,,,,,,,,,7,,,,,,,,,,,,,,,,,,,,,,,
Blizzard Kills - Most in Game,,,,,,,,,,,,,,,,,,,,,,10,,,,,,,,,,,,,,,,,,,,,,,
Blizzard Kills,,,,,,,,,,,,,,,,,,,,,,15,,,,,,,,,,,,,,,,,,,,,,,
Icicle Accuracy,,,,,,,,,,,,,,,,,,,,,,50,,,,,,,,,,,,,,,,,,,,,,,
Icicle Critical Accuracy,,,,,,,,,,,,,,,,,,,,,,25,,,,,,,,,,,,,,,,,,,,,,,
Blizzard Kills - Avg per 10 Min,,,,,,,,,,,,,,,,,,,,,,5.99,,,,,,,,,,,,,,,,,,,,,,,
Enemies Frozen - Avg per 10 Min,,,,,,,,,,,,,,,,,,,,,,4.39,,,,,,,,,,,,,,,,,,,,,,,
Healing Kasa Healing,,,,,,,,,,,,,,,,,,,,,,,1489,,,,,,,,,,,,,,,,,,,,,,
Healing Kasa Healing - Most in Game,,,,,,,,,,,,,,,,,,,,,,,1489,,,,,,,,,,,,,,,,,,,,,,
Remedy Aura Healing,,,,,,,,,,,,,,,,,,,,,,,1686,,,,,,,,,,,,,,,,,,,,,,
Remedy Aura Healing - Most in Game,,,,,,,,,,,,,,,,,,,,,,,1686,,,,,,,,,,,,,,,,,,,,,,
Enemies Hindered,,,,,,,,,,,,,,,,,,,,,,,4,,,,,,,,,,,,,,,,,,,,,,
Average Aura - Best in Game,,,,,,,,,,,,,,,,,,,,,,,41,,,,,,,,,,,,,,,,,,,,,,
Average Aura,,,,,,,,,,,,,,,,,,,,,,,41,,,,,,,,,,,,,,,,,,,,,,
Binding Chain Accuracy,,,,,,,,,,,,,,,,,,,,,,,31,,,,,,,,,,,,,,,,,,,,,,
Remedy Aura Healing - Avg per 10 Min,,,,,,,,,,,,,,,,,,,,,,,3945,,,,,,,,,,,,,,,,,,,,,,
Healing Kasa Healing - Avg per 10 Min,,,,,,,,,,,,,,,,,,,,,,,3485,,,,,,,,,,,,,,,,,,,,,,
Enemies Hindered - Avg per 10 Min,,,,,,,,,,,,,,,,,,,,,,,9.36,,,,,,,,,,,,,,,,,,,,,,
Biotic Orb Kills,,,,,,,,,,,,,,,,,,,,,,,,2,,,,,,,,,,,,,,,,,,,,,
Biotic Orb Kills - Most in Game,,,,,,,,,,,,,,,,,,,,,,,,2,,,,,,,,,,,,,,,,,,,,,
Biotic Orb Kills  - Avg per 10 Min,,,,,,,,,,,,,,,,,,,,,,,,8.57,,,,,,,,,,,,,,,,,,,,,
Terra Surge Kills,,,,,,,,,,,,,,,,,,,,,,,,,82,,,,,,,,,,,,,,,,,,,,
Terra Surge Kills - Most in Game,,,,,,,,,,,,,,,,,,,,,,,,,8,,,,,,,,,,,,,,,,,,,,
Energy Javelin Kills,,,,,,,,,,,,,,,,,,,,,,,,,116,,,,,,,,,,,,,,,,,,,,
Javelin Spin Kills,,,,,,,,,,,,,,,,,,,,,,,,,60,,,,,,,,,,,,,,,,,,,,
Energy Javelin Kills NYI,,,,,,,,,,,,,,,,,,,,,,,,,13,,,,,,,,,,,,,,,,,,,,
Javelin Spin Kills NYI,,,,,,,,,,,,,,,,,,,,,,,,,10,,,,,,,,,,,,,,,,,,,,
Terra Surge Kills - Avg per 10 Min,,,,,,,,,,,,,,,,,,,,,,,,,5.0,,,,,,,,,,,,,,,,,,,,
Javelin Spin Kills - Avg per 10 Min,,,,,,,,,,,,,,,,,,,,,,,,,0,,,,,,,,,,,,,,,,,,,,
Energy Javelin Accuracy,,,,,,,,,,,,,,,,,,,,,,,,,43,,,,,,,,,,,,,,,,,,,,
Energy Javelin Kills - Avg per 10 Min,,,,,,,,,,,,,,,,,,,,,,,,,7.08,,,,,,,,,,,,,,,,,,,,
Rocket Direct Hits,,,,,,,,,,,,,,,,,,,,,,,,,,4,,,,,,,,,,,,,,,,,,,
Rocket Direct Hits - Most in Game,,,,,,,,,,,,,,,,,,,,,,,,,,3,,,,,,,,,,,,,,,,,,,
Airtime Percentage,,,,,,,,,,,,,,,,,,,,,,,,,,56,,,,,,,,,,,,,,,,,,,
Direct Hit Accuracy,,,,,,,,,,,,,,,,,,,,,,,,,,10,,,,,,,,,,,,,,5,,,,,
Rocket Direct Hits - Avg per 10 Min,,,,,,,,,,,,,,,,,,,,,,,,,,16.79,,,,,,,,,,,,,,,,,,,
Pummel Kills,,,,,,,,,,,,,,,,,,,,,,,,,,,3,,,,,,,,,,,,,,,,,,
Pummel Kills - Most in Game,,,,,,,,,,,,,,,,,,,,,,,,,,,3,,,,,,,,,,,,,,,,,,
Ravenous Vortex Kill,,,,,,,,,,,,,,,,,,,,,,,,,,,1,,,,,,,,,,,,,,,,,,
Ravenous Vortex Kill - Most in Game,,,,,,,,,,,,,,,,,,,,,,,,,,,1,,,,,,,,,,,,,,,,,,
Ravenous Vortex Kills - Avg per 10 Min,,,,,,,,,,,,,,,,,,,,,,,,,,,1.11,,,,,,,,,,,,,,,,,,
Annihilation Efficiency,,,,,,,,,,,,,,,,,,,,,,,,,,,226,,,,,,,,,,,,,,,,,,
Pummel Kills - Avg per 10 Min,,,,,,,,,,,,,,,,,,,,,,,,,,,3.33,,,,,,,,,,,,,,,,,,
Pummel Accuracy,,,,,,,,,,,,,,,,,,,,,,,,,,,30,,,,,,,,,,,,,,,,,,
Death Blossom Kills,,,,,,,,,,,,,,,,,,,,,,,,,,,,4,,,,,,,,,,,,,,,,,
Death Blossom Kills - Most in Game,,,,,,,,,,,,,,,,,,,,,,,,,,,,2,,,,,,,,,,,,,,,,,
Death Blossom Kills - Avg per 10 Min,,,,,,,,,,,,,,,,,,,,,,,,,,,,2.08,,,,,,,,,,,,,,,,,
Charge Kill,,,,,,,,,,,,,,,,,,,,,,,,,,,,,1,,,,,,,,,,,,,,,,
Charge Kill - Most in Game,,,,,,,,,,,,,,,,,,,,,,,,,,,,,1,,,,,,,,,,,,,,,,
Fire Strike Kills,,,,,,,,,,,,,,,,,,,,,,,,,,,,,5,,,,,,,,,,,,,,,,
Fire Strike Kills - Most in Game,,,,,,,,,,,,,,,,,,,,,,,,,,,,,4,,,,,,,,,,,,,,,,
Earthshatter Stuns,,,,,,,,,,,,,,,,,,,,,,,,,,,,,2,,,,,,,,,,,,,,,,
Fire Strike Accuracy,,,,,,,,,,,,,,,,,,,,,,,,,,,,,59,,,,,,,,,,,,,,,,
Charge Kills - Avg per 10 Min,,,,,,,,,,,,,,,,,,,,,,,,,,,,,1.59,,,,,,,,,,,,,,,,
Fire Strike Kills - Avg per 10 Min,,,,,,,,,,,,,,,,,,,,,,,,,,,,,7.95,,,,,,,,,,,,,,,,
Earthshatter Stuns - Avg per 10 Min,,,,,,,,,,,,,,,,,,,,,,,,,,,,,3.18,,,,,,,,,,,,,,,,
Whole Hog Kills - Most in Game,,,,,,,,,,,,,,,,,,,,,,,,,,,,,,4,,,,,,,,,,,,,,,
Whole Hog Kills,,,,,,,,,,,,,,,,,,,,,,,,,,,,,,9,,,,,,,,,,,,,,,
Chain Hook Accuracy - Best in Game,,,,,,,,,,,,,,,,,,,,,,,,,,,,,,100,,,,,,,,,,,,,,,
Chain Hook Kills,,,,,,,,,,,,,,,,,,,,,,,,,,,,,,54,,,,,,,,,,,,,,,
Chain Hook Kills - Avg per 10 Min,,,,,,,,,,,,,,,,,,,,,,,,,,,,,,8.03,,,,,,,,,,,,,,,
Chain Hook Accuracy,,,,,,,,,,,,,,,,,,,,,,,,,,,,,,61,,,,,,,,,,,,,,,
Whole Hog Kills - Avg per 10 Min,,,,,,,,,,,,,,,,,,,,,,,,,,,,,,1.34,,,,,,,,,,,,,,,
Tracking Kills - Most in Game,,,,,,,,,,,,,,,,,,,,,,,,,,,,,,,,5,,,,,,,,,,,,,
Tracking Kills,,,,,,,,,,,,,,,,,,,,,,,,,,,,,,,,13,,,,,,,,,,,,,
Trailblazer Kills,,,,,,,,,,,,,,,,,,,,,,,,,,,,,,,,7,,,,,,,,,,,,,
Trailblazer Kills - Most in Game,,,,,,,,,,,,,,,,,,,,,,,,,,,,,,,,3,,,,,,,,,,,,,
Tracking Shot Accuracy,,,,,,,,,,,,,,,,,,,,,,,,,,,,,,,,46,,,,,,,,,,,,,
Trailblazer Kills - Avg per 10 Min,,,,,,,,,,,,,,,,,,,,,,,,,,,,,,,,1.88,,,,,,,,,,,,,
Tracking Kills - Avg per 10 Min,,,,,,,,,,,,,,,,,,,,,,,,,,,,,,,,3.49,,,,,,,,,,,,,
Card,,,,,,,,,,,,,,,,,,,,,,,,,,,,,,,,1,,,,,,,,,,,,,
Charged Shot Kills - Most in Game,,,,,,,,,,,,,,,,,,,,,,,,,,,,,,,,,28,,,,,,,,,,,,
Charged Shot Kills,,,,,,,,,,,,,,,,,,,,,,,,,,,,,,,,,1010,,,,,,,,,,,,
Charged Shot Accuracy - Best in Game,,,,,,,,,,,,,,,,,,,,,,,,,,,,,,,,,100,,,,,,,,,,,,
Overclock Kills - Most in Game,,,,,,,,,,,,,,,,,,,,,,,,,,,,,,,,,11,,,,,,,,,,,,
Overclock Kills,,,,,,,,,,,,,,,,,,,,,,,,,,,,,,,,,182,,,,,,,,,,,,
Disruptor Shot Kills,,,,,,,,,,,,,,,,,,,,,,,,,,,,,,,,,257,,,,,,,,,,,,
Disruptor Shot Kills - Most in Game,,,,,,,,,,,,,,,,,,,,,,,,,,,,,,,,,11,,,,,,,,,,,,
Charged Shot Critical Accuracy,,,,,,,,,,,,,,,,,,,,,,,,,,,,,,,,,16,,,,,,,,,,,,
Overclock Kills - Avg per 10 Min,,,,,,,,,,,,,,,,,,,,,,,,,,,,,,,,,3.77,,,,,,,,,,,,
Charged Shot Kills - Avg per 10 Min,,,,,,,,,,,,,,,,,,,,,,,,,,,,,,,,,20.91,,,,,,,,,,,,
Charged Shot Accuracy,,,,,,,,,,,,,,,,,,,,,,,,,,,,,,,,,63,,,,,,,,,,,,
Disruptor Shot Kills - Avg per 10 Min,,,,,,,,,,,,,,,,,,,,,,,,,,,,,,,,,5.32,,,,,,,,,,,,
Helix Rocket Kills - Most in Game,,,,,,,,,,,,,,,,,,,,,,,,,,,,,,,,,,3,,,,,,,,,,,
Helix Rocket Kills,,,,,,,,,,,,,,,,,,,,,,,,,,,,,,,,,,12,,,,,,,,,,,
Tactical Visor Kills,,,,,,,,,,,,,,,,,,,,,,,,,,,,,,,,,,4,,,,,,,,,,,
Tactical Visor Kills - Most in Game,,,,,,,,,,,,,,,,,,,,,,,,,,,,,,,,,,2,,,,,,,,,,,
Tactical Visor Kills - Avg per 10 Min,,,,,,,,,,,,,,,,,,,,,,,,,,,,,,,,,,2.45,,,,,,,,,,,
Helix Rocket Accuracy,,,,,,,,,,,,,,,,,,,,,,,,,,,,,,,,,,46,,,,,,,,,,,
Helix Rocket Kills - Avg per 10 Min,,,,,,,,,,,,,,,,,,,,,,,,,,,,,,,,,,7.35,,,,,,,,,,,
Enemies Hacked,,,,,,,,,,,,,,,,,,,,,,,,,,,,,,,,,,,37,,,,,,,,,,
Enemies Hacked - Most in Game,,,,,,,,,,,,,,,,,,,,,,,,,,,,,,,,,,,13,,,,,,,,,,
EMP Kills,,,,,,,,,,,,,,,,,,,,,,,,,,,,,,,,,,,4,,,,,,,,,,
EMP Kills - Most in Game,,,,,,,,,,,,,,,,,,,,,,,,,,,,,,,,,,,2,,,,,,,,,,
Low Health Teleports,,,,,,,,,,,,,,,,,,,,,,,,,,,,,,,,,,,8,,,,,,,,,,
Low Health Teleports - Most in Game,,,,,,,,,,,,,,,,,,,,,,,,,,,,,,,,,,,2,,,,,,,,,,
Virus Kills,,,,,,,,,,,,,,,,,,,,,,,,,,,,,,,,,,,11,,,,,,,,,,
Virus Kills - Most in Game,,,,,,,,,,,,,,,,,,,,,,,,,,,,,,,,,,,5,,,,,,,,,,
Virus Kills - Avg per 10 Min,,,,,,,,,,,,,,,,,,,,,,,,,,,,,,,,,,,4.94,,,,,,,,,,
Low Health Teleports - Avg per 10 Min,,,,,,,,,,,,,,,,,,,,,,,,,,,,,,,,,,,3.59,,,,,,,,,,
Virus Accuracy,,,,,,,,,,,,,,,,,,,,,,,,,,,,,,,,,,,56,,,,,,,,,,
EMP Kills - Avg per 10 Min,,,,,,,,,,,,,,,,,,,,,,,,,,,,,,,,,,,1.8,,,,,,,,,,
Enemies Hacked - Avg per 10 Min,,,,,,,,,,,,,,,,,,,,,,,,,,,,,,,,,,,16.62,,,,,,,,,,
Critical Hit - Most in Game,,,,,,,,,,,,,,,,,,,,,,,,,,,,,,,,,,,,,1,,,,,,,,
Critical Hit - Most in Life,,,,,,,,,,,,,,,,,,,,,,,,,,,,,,,,,,,,,1,,,,,,,,
Critical Hit,,,,,,,,,,,,,,,,,,,,,,,,,,,,,,,,,,,,,1,,,,,,,,
Projected Edge Accuracy,,,,,,,,,,,,,,,,,,,,,,,,,,,,,,,,,,,,,,,48,,,,,,
Onslaught Uptime Percentage,,,,,,,,,,,,,,,,,,,,,,,,,,,,,,,,,,,,,,,34,,,,,,
Elimination - Most in Life,,,,,,,,,,,,,,,,,,,,,,,,,,,,,,,,,,,,,,,1,1,,,,,
Smart Excavator Direct Hit - Most in Game,,,,,,,,,,,,,,,,,,,,,,,,,,,,,,,,,,,,,,,,1,,,,,
Burrow Kill,,,,,,,,,,,,,,,,,,,,,,,,,,,,,,,,,,,,,,,,1,,,,,
Burrow Kill - Most in Game,,,,,,,,,,,,,,,,,,,,,,,,,,,,,,,,,,,,,,,,1,,,,,
Shields Created,,,,,,,,,,,,,,,,,,,,,,,,,,,,,,,,,,,,,,,,175,,,,,
Shields Created - Most in Game,,,,,,,,,,,,,,,,,,,,,,,,,,,,,,,,,,,,,,,,175,,,,,
Shields Created - Avg per 10 Min,,,,,,,,,,,,,,,,,,,,,,,,,,,,,,,,,,,,,,,,2025,,,,,
Elimination - Most in Game,,,,,,,,,,,,,,,,,,,,,,,,,,,,,,,,,,,,,,,,1,,,,,
Elimination,,,,,,,,,,,,,,,,,,,,,,,,,,,,,,,,,,,,,,,,1,,,,,
Recon Assist - Most in Game,,,,,,,,,,,,,,,,,,,,,,,,,,,,,,,,,,,,,,,,,1,,,,
High Energy Kill - Most in Game,,,,,,,,,,,,,,,,,,,,,,,,,,,,,,,,,,,,,,,,,,,,1,
High Energy Kill,,,,,,,,,,,,,,,,,,,,,,,,,,,,,,,,,,,,,,,,,,,,1,
Average Energy - Best in Game,,,,,,,,,,,,,,,,,,,,,,,,,,,,,,,,,,,,,,,,,,,,57,
Average Energy,,,,,,,,,,,,,,,,,,,,,,,,,,,,,,,,,,,,,,,,,,,,27,
High Energy Kills - Avg per 10 Min,,,,,,,,,,,,,,,,,,,,,,,,,,,,,,,,,,,,,,,,,,,,1.33,
Transcendence Healing - Most in Game,,,,,,,,,,,,,,,,,,,,,,,,,,,,,,,,,,,,,,,,,,,,,492
Transcendence Healing,,,,,,,,,,,,,,,,,,,,,,,,,,,,,,,,,,,,,,,,,,,,,740
Charged Volley Kills,,,,,,,,,,,,,,,,,,,,,,,,,,,,,,,,,,,,,,,,,,,,,6
Charged Volley Kills - Most in Game,,,,,,,,,,,,,,,,,,,,,,,,,,,,,,,,,,,,,,,,,,,,,3
Charged Volley Accuracy,,,,,,,,,,,,,,,,,,,,,,,,,,,,,,,,,,,,,,,,,,,,,33
Charged Volley Kills - Avg per 10 Min,,,,,,,,,,,,,,,,,,,,,,,,,,,,,,,,,,,,,,,,,,,,,10.14
